日期,最高温,最低温,天气,风力风向,空气质量指数
2017-01-01,7°,4°,多云,西南偏南风2级
2017-01-02,8°,2°,晴~多云,西北偏西风2级
2017-01-03,5°,3°,中雨~小雨,东北偏东风2级
2017-01-04,7°,5°,中雨~小雨,东北风3级
2017-01-05,11°,-2°,多云~晴,西南偏西风3级
2017-01-06,1°,-2°,多云~中雪,西南偏西风3级
2017-01-07,1°,-6°,多云,西北风2级
2017-01-08,-3°,-10°,中雪~小雪,北风2级
2017-01-09,-3°,-11°,多云~晴,西北偏西风2级
2017-01-10,-3°,-6°,多云~晴,西南风2级
2017-01-11,2°,2°,多云~中雨,南风1级
2017-01-12,10°,6°,多云~中雨,西南偏南风2级
2017-01-13,16°,6°,多云,西南偏南风3级
2017-01-14,8°,-2°,晴~多云,西北风2级
2017-01-15,1°,-1°,中雪,东南风1级
2017-01-17,6°,1°,晴~多云,西南偏西风1级
2017-01-18,5°,3°,中雨,东南偏南风1级
2017-01-19,6°,3°,雾~多云,北风2级
2017-01-20,9°,2°,多云~晴,西北风2级
2017-01-21,7°,4°,小雨~中雨,东南风1级
2017-01-22,9°,6°,多云~阴,西南偏西风1级
2017-01-23,8°,4°,小雨~中雨,东北偏东风2级
2017-01-24,5°,1°,中雨,东北偏东风4级
2017-01-25,4°,1°,雨夹雪~小雨,西北偏北风2级
2017-01-26,8°,5°,晴~小雨,西风2级
2017-01-27,13°,2°,小雨~晴,西南偏西风2级
2017-01-28,6°,0°,多云~小雪,西风2级
2017-01-29,3°,0°,多云,西南偏西风2级
2017-01-30,6°,0°,多云,西南偏西风2级
2017-01-31,2°,-3°,多云,西北风2级
2017-02-01,1°,0°,中雪~雨夹雪,东南偏东风2级
2017-02-02,8°,1°,多云,西风2级
2017-02-03,7°,-4°,雨夹雪~晴,西风2级
2017-02-04,0°,-5°,多云~晴,西风2级
2017-02-05,1°,-2°,晴~多云,西风2级
2017-02-06,5°,0°,小雨~晴,西风2级
2017-02-07,9°,4°,晴~小雨,西风2级
2017-02-08,5°,2°,中雨~小雨,东北风2级
2017-02-09,16°,-1°,晴~中雪,西北偏西风2级
2017-02-10,0°,-8°,中雪~多云,西北偏北风3级
2017-02-11,0°,-3°,晴~中雪,西风2级
2017-02-12,8°,1°,多云~小雨,西风1级
2017-02-13,2°,0°,中雪~雨夹雪,东风2级
2017-02-14,2°,-3°,阵雪~晴,西北风4级
2017-02-15,4°,1°,晴~多云,西风2级
2017-02-16,8°,0°,小雨~多云,西风1级
2017-02-17,1°,-3°,多云~晴,西北偏西风3级
2017-02-18,5°,1°,晴,西北偏西风2级
2017-02-19,17°,9°,晴,西南偏西风2级
2017-02-20,18°,6°,多云~晴,西北偏西风2级
2017-02-21,12°,0°,晴,西北偏北风2级
2017-02-22,8°,4°,多云,东南偏南风1级
2017-02-23,13°,8°,小雨~多云,西南偏西风1级
2017-02-24,18°,11°,多云~小雨,西南偏西风1级
2017-02-25,21°,12°,晴~多云,西南偏南风2级
2017-02-26,16°,3°,小雨,东南风2级
2017-02-27,5°,1°,多云,西北偏西风2级
2017-02-28,12°,7°,多云,西南风2级
2017-03-01,15°,11°,多云~中雨,东南偏东风1级
2017-03-02,21°,8°,雷阵雨~小雨,西南风2级
2017-03-03,8°,-1°,晴,西北偏西风3级
2017-03-04,3°,-6°,多云~晴,西北偏西风2级
2017-03-05,-1°,-9°,多云~阴,西北风2级
2017-03-06,2°,-5°,晴,西北偏北风2级
2017-03-07,7°,3°,晴~小雨,南风1级
2017-03-08,11°,9°,中雨~小雨,东南风1级
2017-03-09,15°,6°,多云~晴,西风3级
2017-03-10,16°,2°,晴~雨夹雪,西风2级
2017-03-11,2°,-7°,中雪~阴,西北偏北风2级
2017-03-12,-1°,-7°,多云~阴,西北偏西风2级
2017-03-13,-1°,-6°,晴~阴,西北偏西风2级
2017-03-14,2°,-2°,晴~中雪,西南偏西风1级
2017-03-15,0°,-6°,冻雨~小雪,东北偏北风3级
2017-03-16,-2°,-6°,小雪~多云,西北偏西风3级
2017-03-17,3°,-4°,晴,西北偏西风2级
2017-03-18,8°,0°,晴~多云,西北偏西风2级
2017-03-19,2°,0°,雨夹雪,东风2级
2017-03-20,8°,0°,晴,北风2级
2017-03-21,11°,4°,晴~小雨,西北偏北风2级
2017-03-22,15°,1°,多云~晴,西北偏西风1级
2017-03-23,2°,-5°,晴,西北风3级
2017-03-24,5°,1°,晴~多云,西北风2级
2017-03-25,13°,10°,小雨~多云,西南风2级
2017-03-26,16°,4°,小雨,东北偏北风1级
2017-03-27,5°,5°,阴~小雨,东风2级
2017-03-28,11°,7°,中雨~小雨,西风1级
2017-03-29,6°,5°,中雨~小雨,东北偏东风2级
2017-03-30,15°,2°,晴,西北偏北风2级
2017-03-31,11°,3°,小雨,东南偏南风2级
2017-04-01,5°,2°,中雨,东风2级
2017-04-02,8°,3°,小雨~多云,东北偏北风2级
2017-04-03,17°,7°,晴,西北风2级
2017-04-04,17°,8°,晴~中雨,东南风1级
2017-04-06,18°,6°,多云~小雨,西北风1级
2017-04-07,10°,7°,大雨~多云,东风2级
2017-04-08,9°,2°,小雨~多云,西风3级
2017-04-09,13°,5°,晴,西北偏西风2级
2017-04-10,19°,8°,晴,西风1级
2017-04-11,23°,13°,晴~多云,西南风1级
2017-04-12,26°,15°,晴~多云,西南偏西风2级
2017-04-13,24°,8°,小雨~晴,西北风1级
2017-04-14,18°,7°,晴,西北风2级
2017-04-15,18°,8°,晴,北风1级
2017-04-16,18°,13°,多云~小雨,西南偏南风2级
2017-04-18,23°,8°,多云~晴,西北偏西风2级
2017-04-19,19°,6°,晴,东北风2级
2017-04-20,12°,8°,多云~小雨,东南偏南风2级
2017-04-21,18°,11°,多云~大雨,东北风1级
2017-04-22,11°,9°,阴~多云,东北偏东风2级
2017-04-23,13°,8°,小雨~多云,西北偏北风1级
2017-04-24,18°,7°,晴~多云,东南风1级
2017-04-25,15°,10°,小雨~中雨,东风1级
2017-04-26,12°,10°,中雨,东北偏东风3级
2017-04-27,15°,13°,小雨~多云,东北偏东风2级
2017-04-28,21°,14°,多云~小雨,东南偏南风1级
2017-04-29,29°,17°,晴~小雨,西风1级
2017-04-30,29°,12°,多云,西风2级
2017-05-01,18°,10°,阴~多云,东风2级
2017-05-02,23°,16°,多云~大雨,西南风1级
2017-05-03,23°,11°,小雨~晴,西风3级
2017-05-04,18°,8°,多云~晴,西北偏西风2级
2017-05-05,17°,10°,多云~小雨,东南偏东风2级
2017-05-06,15°,15°,中雨~小雨,东南偏东风2级
2017-05-07,19°,9°,多云,南风2级
2017-05-08,13°,7°,小雨~多云,西风1级
2017-05-09,13°,7°,多云,西北偏西风2级
2017-05-10,17°,8°,多云~晴,西北偏北风1级
2017-05-11,17°,9°,多云~晴,东北偏北风1级
2017-05-12,17°,10°,多云,东北偏东风1级
2017-05-13,18°,10°,多云~小雨,东风1级
2017-05-14,10°,7°,中雨,东北偏东风2级
2017-05-15,19°,10°,雷阵雨~多云,西北风2级
2017-05-16,20°,12°,多云~晴,西北风2级
2017-05-17,26°,16°,多云~晴,西风2级
2017-05-18,32°,21°,晴,西南偏西风2级
2017-05-19,33°,23°,晴~雷阵雨,西南偏西风2级
2017-05-22,20°,13°,晴~小雨,东南风1级
2017-05-23,16°,14°,中雨~阴,东南偏东风1级
2017-05-24,20°,15°,多云~小雨,东北偏北风1级
2017-05-25,20°,13°,阴~小雨,东风2级
2017-05-26,14°,13°,中雨~大雨,东北偏东风2级
2017-05-27,22°,14°,多云~晴,西北偏西风2级
2017-05-28,21°,14°,多云,西北偏西风1级
2017-05-29,21°,13°,多云~小雨,东南风2级
2017-05-30,15°,12°,小雨~雾,东北偏东风2级
2017-05-31,15°,14°,小雨,东南偏东风1级
2017-06-01,23°,16°,多云~雷阵雨,西风1级
2017-06-02,26°,14°,晴,西风1级
2017-06-03,24°,12°,雷阵雨~多云,西风2级
2017-06-04,22°,13°,多云~晴,西北风1级
2017-06-05,21°,13°,中雨~小雨,西南偏南风1级
2017-06-06,19°,14°,多云~小雨,东风1级
2017-06-07,13°,10°,小雨,东北风2级
2017-06-08,19°,13°,多云~晴,东北偏东风1级
2017-06-09,20°,12°,多云~晴,东风1级
2017-06-10,26°,17°,多云~晴,西北偏西风2级
2017-06-11,33°,22°,晴,西南偏西风1级
2017-06-12,32°,23°,晴,西南偏西风1级
2017-06-13,34°,21°,雷阵雨~大雨,西风2级
2017-06-14,34°,21°,晴~大雨,西风1级
2017-06-15,28°,16°,小雨~晴,东风1级
2017-06-16,24°,16°,晴~多云,东南偏南风2级
2017-06-17,20°,18°,多云~小雨,东南偏东风2级
2017-06-18,27°,22°,雷阵雨~大雨,南风2级
2017-06-19,29°,22°,多云~大雨,南风1级
2017-06-20,31°,20°,雷阵雨~中雨,西南偏南风2级
2017-06-21,28°,20°,晴,西南偏西风2级
2017-06-22,28°,19°,晴,西风2级
2017-06-23,28°,22°,晴~小雨,东南偏南风1级
2017-06-24,28°,22°,大雨,西南风2级
2017-06-25,28°,20°,小雨~晴,西北风2级
2017-06-26,28°,18°,晴,西南风1级
2017-06-27,26°,18°,晴~小雨,西南偏西风1级
2017-06-28,25°,16°,雷阵雨,西南风1级
2017-06-29,25°,19°,晴,西北偏西风2级
2017-06-30,27°,22°,多云~晴,南风2级
2017-07-01,31°,22°,晴~雷阵雨,西南偏南风1级
2017-07-02,29°,21°,雷阵雨,南风1级
2017-07-03,31°,20°,雷阵雨,西南偏西风1级
2017-07-04,31°,21°,雷阵雨~晴,西风1级
2017-07-05,29°,20°,多云~晴,东南偏东风1级
2017-07-06,29°,18°,晴,东南偏东风2级
2017-07-07,25°,18°,小雨~中雨,东南偏南风1级
2017-07-08,26°,21°,中雨~大雨,东北风2级
2017-07-09,28°,19°,多云~雷阵雨,西南偏西风1级
2017-07-10,27°,20°,晴,西风2级
2017-07-11,28°,22°,多云,风向风0级
2017-07-12,29°,23°,雷阵雨~大雨,西南风1级
2017-07-13,31°,25°,多云~大雨,西风2级
2017-07-14,32°,20°,雷阵雨~大雨,南风2级
2017-07-15,21°,20°,中雨~大雨,东南偏东风1级
2017-07-16,28°,21°,多云,西北偏西风1级
2017-07-17,30°,22°,晴,西南风1级
2017-07-18,29°,22°,多云~雷阵雨,东南偏南风1级
2017-07-19,31°,23°,晴,南风1级
2017-07-20,33°,25°,晴,西南偏南风1级
2017-07-21,34°,23°,晴~雷阵雨,西南风1级
2017-07-22,33°,23°,晴,西北偏西风1级
2017-07-23,33°,22°,小雨~中雨,东风1级
2017-07-24,26°,19°,多云~中雨,东北偏东风1级
2017-07-25,22°,17°,小雨~中雨,东北风2级
2017-07-26,21°,17°,多云,东北风1级
2017-07-27,25°,19°,晴,东南风1级
2017-07-28,25°,21°,小雨,西南偏南风1级
2017-07-29,29°,19°,多云~中雨,东北偏东风1级
2017-07-30,25°,17°,阴~晴,东北偏北风2级
2017-07-31,27°,19°,晴,北风2级
2017-08-01,31°,21°,晴,西风1级
2017-08-02,33°,22°,晴,东南偏东风1级
2017-08-03,30°,20°,大雨~晴,西南偏南风1级
2017-08-04,30°,22°,晴~雷阵雨,东南偏南风1级
2017-08-05,28°,22°,雷阵雨~多云,东南偏南风2级
2017-08-06,25°,17°,多云~晴,西风2级
2017-08-07,24°,19°,多云~小雨,西风1级
2017-08-08,21°,18°,中雨~小雨,东南偏南风1级
2017-08-09,25°,18°,多云~晴,西北风1级
2017-08-10,29°,19°,晴,西南风1级
2017-08-11,28°,19°,晴,东南偏东风1级
2017-08-12,27°,21°,多云~小雨,南风1级
2017-08-13,25°,20°,多云~大雨,南风1级
2017-08-14,28°,20°,晴,西北风1级
2017-08-15,26°,21°,多云~小雨,东南风1级
2017-08-16,23°,21°,中雨~多云,南风1级
2017-08-17,30°,20°,晴,西北风1级
2017-08-18,28°,22°,晴~大雨,东南偏东风1级
2017-08-19,27°,22°,大雨,南风1级
2017-08-20,30°,21°,晴,西北偏西风1级
2017-08-21,27°,21°,晴,西北风1级
2017-08-22,30°,23°,晴,西南偏南风1级
2017-08-23,31°,22°,晴~大雨,西南偏南风2级
2017-08-24,27°,18°,多云~晴,西北风2级
2017-08-25,26°,17°,晴,西北偏北风1级
2017-08-26,25°,16°,晴,西北偏北风1级
2017-08-27,25°,16°,晴,东北偏北风1级
2017-08-28,23°,16°,晴~多云,东风2级
2017-08-29,24°,17°,多云,东北偏东风2级
2017-08-30,20°,15°,中雨,东北偏东风2级
2017-08-31,25°,18°,晴,西北偏北风1级
2017-09-01,27°,13°,多云,西北偏西风1级
2017-09-02,21°,13°,晴,西北偏北风1级
2017-09-03,20°,15°,小雨~中雨,东南偏东风1级
2017-09-04,20°,16°,小雨,西南风2级
2017-09-05,26°,20°,晴,西南风1级
2017-09-06,29°,20°,多云~中雨,西南偏南风1级
2017-09-07,21°,15°,中雨,东北风2级
2017-09-08,21°,14°,晴,西风2级
2017-09-09,21°,13°,晴,西风1级
2017-09-10,21°,12°,晴,西北偏北风2级
2017-09-11,22°,14°,晴,北风2级
2017-09-12,24°,16°,晴,西北偏北风1级
2017-09-13,25°,18°,晴,西南风1级
2017-09-14,28°,20°,雷阵雨~多云,西南风1级
2017-09-15,27°,20°,雷阵雨~大雨,西南偏南风1级
2017-09-16,27°,20°,晴,西南偏南风1级
2017-09-17,27°,19°,晴~多云,东风1级
2017-09-18,27°,18°,小雨~多云,东南偏东风1级
2017-09-19,22°,19°,阴~小雨,东北风2级
2017-09-20,25°,19°,小雨,东北风2级
2017-09-21,26°,20°,多云~晴,北风2级
2017-09-22,26°,18°,多云,北风2级
2017-09-23,27°,18°,晴,北风2级
2017-09-24,30°,21°,晴,北风2级
2017-09-25,32°,22°,晴,东南风1级
2017-09-26,30°,21°,晴,东南偏南风2级
2017-09-27,28°,21°,多云~晴,东南偏东风1级
2017-09-28,30°,20°,多云,东风1级
2017-09-29,26°,13°,晴,西北偏北风2级
2017-09-30,20°,13°,晴~小雨,西北风1级
2017-10-01,18°,10°,阴~晴,北风2级
2017-10-02,20°,11°,晴,西北风1级
2017-10-03,22°,13°,晴,东风1级
2017-10-04,21°,13°,晴,东南风1级
2017-10-05,23°,17°,晴,西南风1级
2017-10-06,28°,18°,多云~小雨,西南偏西风1级
2017-10-07,27°,18°,多云,西南风1级
2017-10-08,27°,20°,多云~小雨,东南偏南风1级
2017-10-09,25°,21°,小雨~中雨,西南偏南风2级
2017-10-10,23°,18°,中雨~小雨,南风2级
2017-10-11,27°,17°,晴~多云,西北偏西风1级
2017-10-12,25°,13°,小雨~中雨,东北偏东风2级
2017-10-13,17°,12°,小雨~多云,东北偏东风2级
2017-10-14,19°,15°,阴~中雨,东风2级
2017-10-15,22°,17°,小雨~多云,东北风1级
2017-10-16,23°,15°,雾~小雨,西南偏南风2级
2017-10-17,15°,6°,多云~晴,西北风2级
2017-10-18,14°,8°,晴,西风1级
2017-10-19,22°,12°,晴,西南偏南风1级
2017-10-20,21°,13°,晴,西南风1级
2017-10-21,22°,12°,晴,西北风2级
2017-10-22,25°,13°,多云~晴,西南风1级
2017-10-23,24°,15°,晴,东南风1级
2017-10-24,23°,18°,多云~小雨,东南偏南风2级
2017-10-25,22°,15°,中雨~小雨,南风2级
2017-10-26,18°,11°,小雨,西南偏西风1级
2017-10-27,14°,7°,小雨~晴,西北风2级
2017-10-28,16°,11°,晴,西南偏南风1级
2017-10-29,20°,16°,晴~小雨,南风2级
2017-10-30,19°,12°,中雨,东南风1级
2017-10-31,13°,7°,小雨~晴,西风3级
2017-11-01,13°,6°,晴,西风2级
2017-11-02,13°,12°,多云,东风1级
2017-11-03,22°,15°,多云,南风1级
2017-11-04,23°,7°,多云~晴,西南偏西风2级
2017-11-05,13°,10°,多云~小雨,东北偏东风2级
2017-11-06,16°,15°,阴~小雨,东南风1级
2017-11-07,18°,7°,小雨~晴,西南偏西风1级
2017-11-08,9°,3°,小雨~中雨,东北偏北风2级
2017-11-09,9°,3°,多云,东北偏东风1级
2017-11-10,12°,2°,多云~小雨,东南偏东风1级
2017-11-11,3°,-4°,晴~阴,西北风2级
2017-11-12,3°,-1°,晴,北风1级
2017-11-13,7°,2°,晴~多云,西南偏西风1级
2017-11-14,8°,2°,中雨~晴,北风1级
2017-11-15,8°,3°,多云~晴,北风2级
2017-11-16,9°,8°,多云~小雨,东风1级
2017-11-17,13°,3°,小雨~多云,西南偏西风2级
2017-11-18,8°,2°,晴,西北风2级
2017-11-19,11°,8°,小雨~中雨,南风1级
2017-11-20,7°,3°,晴,西风3级
2017-11-21,8°,3°,多云~晴,西风2级
2017-11-22,11°,0°,小雨~晴,西北风4级
2017-11-23,12°,0°,小雨~晴,西北风2级
2017-11-24,6°,1°,晴,西北偏西风1级
2017-11-25,10°,4°,晴,西南偏南风1级
2017-11-26,13°,6°,晴,西南偏西风1级
2017-11-27,8°,2°,晴,西北偏西风2级
2017-11-28,10°,1°,晴,西北偏西风2级
2017-11-29,11°,8°,晴,东南风1级
2017-11-30,17°,3°,晴,西北风2级
2017-12-01,9°,7°,多云~小雨,东南风1级
2017-12-02,11°,3°,晴,西北风2级
2017-12-03,8°,5°,多云,东南偏东风1级
2017-12-04,8°,3°,多云,东南风1级
2017-12-05,10°,7°,晴~多云,东风1级
2017-12-06,16°,7°,小雨~中雨,东南偏南风2级
2017-12-07,8°,2°,多云~晴,西风2级
2017-12-08,6°,1°,晴,西风2级
2017-12-09,3°,0°,多云,西南偏西风1级
2017-12-10,1°,0°,中雪,东北偏北风2级
2017-12-11,3°,0°,晴~小雪,西风2级
2017-12-12,5°,1°,晴~雨夹雪,西南偏西风1级
2017-12-13,10°,-3°,小雨~小雪,西南偏南风2级
2017-12-14,0°,-2°,晴~小雪,西北偏西风3级
2017-12-15,0°,-6°,中雪~晴,西北偏北风2级
2017-12-16,-2°,-5°,中雪~小雪,西南风1级
2017-12-17,3°,-2°,多云,西南偏西风2级
2017-12-18,3°,1°,多云~小雨,东北风1级
2017-12-19,7°,3°,多云,西北风1级
2017-12-20,12°,3°,多云~晴,西风2级
2017-12-21,6°,-1°,多云~晴,西北偏西风2级
2017-12-22,3°,0°,晴~多云,西北风1级
2017-12-23,10°,5°,多云~小雨,东南风1级
2017-12-24,8°,3°,中雨~小雨,东南偏南风1级
2017-12-25,5°,3°,多云~雨夹雪,东北风2级
2017-12-26,2°,-4°,小雪~晴,西风3级
2017-12-27,-2°,-7°,晴,西风2级
2017-12-28,-4°,-10°,晴,西北风2级
2017-12-29,-7°,-11°,阴,西北风2级
2017-12-30,-5°,-8°,阴~晴,西北偏西风2级
2017-12-31,-4°,-10°,中雪~小雪,西南偏西风2级
2018-01-01,-9°,-12°,阴,西北风2级
2018-01-02,-7°,-10°,阴,西北风2级
2018-01-03,-3°,-8°,晴,西南偏西风2级
2018-01-04,-1°,-4°,晴~中雪,西南偏西风1级
2018-01-05,-3°,-12°,中雪~小雪,北风3级
2018-01-06,-8°,-15°,阴,西北偏西风3级
2018-01-07,-10°,-16°,阴,西北偏西风3级
2018-01-08,-7°,-9°,多云~晴,西风1级
2018-01-09,0°,-2°,冻雨~多云,西南风2级
2018-01-10,6°,-3°,晴,西北偏西风2级
2018-01-11,4°,1°,多云,东南偏东风1级
2018-01-12,11°,7°,多云~小雨,东南偏南风1级
2018-01-13,16°,6°,中雨,南风2级
2018-01-14,6°,-8°,小雪~晴,西北风2级
2018-01-15,-3°,-8°,晴,北风2级
2018-01-16,-1°,-3°,中雪~多云,东北风2级
2018-01-17,2°,0°,阴~中雪,东南风1级
2018-01-18,1°,-6°,中雪~晴,西北风2级
2018-01-19,0°,-4°,阵雪~晴,西北风2级
2018-01-20,3°,0°,晴,西南偏西风2级
2018-01-22,8°,6°,小雨,东南偏南风1级
2018-01-23,8°,4°,阴~小雨,东风2级
2018-01-24,15°,2°,中雨~晴,南风1级
2018-01-25,6°,-4°,多云~晴,西北偏西风3级
2018-01-26,1°,-5°,晴,西北风2级
2018-01-27,3°,0°,晴,东南风1级
2018-01-28,13°,8°,晴~小雨,西南偏南风2级
2018-01-29,10°,2°,小雨~多云,西北风1级
2018-01-30,6°,-1°,多云~小雪,东北风2级
2018-01-31,2°,-5°,雨夹雪~晴,北风2级
2018-02-01,0°,-1°,晴~多云,西南偏西风1级
2018-02-02,7°,-1°,小雨~雨夹雪,西南偏南风1级
2018-02-03,-1°,-8°,多云~晴,西北风2级
2018-02-04,0°,-2°,晴~多云,西南风2级
2018-02-05,7°,1°,小雨,南风1级
2018-02-06,3°,-5°,小雨~多云,西北偏西风2级
2018-02-07,2°,-2°,小雪~多云,西南风1级
2018-02-08,7°,-3°,雨夹雪~小雨,东南风2级
2018-02-09,0°,-5°,晴,西北偏西风2级
2018-02-10,1°,1°,多云~阴,西南风1级
2018-02-11,10°,6°,中雨,西南偏南风1级
2018-02-12,16°,6°,中雨,东北偏东风1级
2018-02-13,7°,-3°,多云~晴,西北风2级
2018-02-14,3°,0°,晴,东风1级
2018-02-15,11°,6°,多云~中雨,西南风1级
2018-02-16,15°,12°,多云~中雨,西南风2级
2018-02-17,14°,-2°,小雨~晴,西北偏西风2级
2018-02-18,4°,0°,中雪,东南偏东风1级
2018-02-19,6°,2°,晴,西北偏西风2级
2018-02-20,9°,8°,小雨,南风1级
2018-02-21,19°,14°,晴,西南风2级
2018-02-22,25°,6°,晴~小雨,西南风2级
2018-02-23,7°,1°,中雨,东北风2级
2018-02-24,4°,4°,中雨~小雨,东南偏东风2级
2018-02-25,12°,5°,小雨~中雨,西北风1级
2018-02-26,6°,5°,中雨~多云,东北风2级
2018-02-27,11°,3°,多云~晴,西北偏西风2级
2018-02-28,13°,5°,晴,西南风1级
2018-03-01,16°,8°,多云,西南风1级
2018-03-02,15°,5°,多云~中雨,东北风2级
2018-03-03,3°,1°,雨夹雪~中雪,西北风2级
2018-03-04,9°,2°,多云,西北偏北风3级
2018-03-05,6°,0°,多云,西北偏北风2级
2018-03-06,6°,0°,小雨~晴,北风2级
2018-03-07,8°,1°,多云~雨夹雪,东南偏东风2级
2018-03-08,2°,0°,雨夹雪~中雪,东北风3级
2018-03-09,3°,-1°,多云~小雪,西北偏西风2级
2018-03-11,4°,0°,多云,西北偏西风2级
2018-03-12,7°,0°,晴,西北偏西风1级
2018-03-13,6°,1°,多云~雨夹雪,东北风2级
2018-03-14,4°,0°,中雪~晴,西北风2级
2018-03-15,5°,-1°,雨夹雪~小雪,西风2级
2018-03-16,8°,0°,多云~雨夹雪,西北偏西风2级
2018-03-17,4°,-2°,多云,西北偏西风2级
2018-03-18,8°,-2°,晴,西北偏西风2级
2018-03-19,6°,0°,晴,西北风2级
2018-03-20,8°,-1°,晴~多云,北风2级
2018-03-21,3°,0°,小雨~雨夹雪,东北风2级
2018-03-22,1°,0°,中雪,东北偏北风3级
2018-03-23,10°,0°,多云,西北风2级
2018-03-24,9°,0°,小雨~多云,西北风1级
2018-03-25,10°,0°,晴~小雪,西北偏北风2级
2018-03-26,7°,0°,雨夹雪~小雨,东北偏东风2级
2018-03-27,10°,0°,晴,东风2级
2018-03-28,8°,3°,晴~小雨,东南风1级
2018-03-29,11°,7°,多云,西南风1级
2018-03-30,11°,10°,小雨,东南风1级
2018-03-31,16°,3°,小雨~多云,西北偏西风1级
2018-04-01,14°,6°,晴~多云,西南偏南风2级
2018-04-02,15°,1°,多云~小雪,西风2级
2018-04-03,6°,3°,中雪~多云,北风2级
2018-04-04,6°,4°,中雨~小雨,东南偏东风2级
2018-04-05,13°,1°,雷阵雨~晴,西南偏西风2级
2018-04-06,12°,2°,雨夹雪,西南偏南风2级
2018-04-07,16°,3°,雨夹雪,西南偏南风2级
2018-04-08,8°,0°,多云,西北风2级
2018-04-09,7°,0°,多云~晴,西北偏北风2级
2018-04-10,9°,2°,晴~雨夹雪,西南风1级
2018-04-11,10°,2°,多云~晴,西北偏西风2级
2018-04-12,10°,6°,多云,东南偏南风1级
2018-04-13,17°,13°,多云~晴,南风2级
2018-04-14,27°,16°,晴,西南风2级
2018-04-15,25°,5°,晴~中雨,东北偏北风2级
2018-04-16,6°,3°,小雨~中雨,东北偏东风3级
2018-04-17,15°,5°,中雨~多云,东南偏南风2级
2018-04-18,8°,3°,小雨~晴,西风2级
2018-04-19,12°,6°,多云~小雨,西风2级
2018-04-20,7°,2°,小雨~晴,西北偏北风2级
2018-04-21,10°,3°,晴,西北风2级
2018-04-22,17°,6°,晴,西北偏西风2级
2018-04-23,19°,7°,晴,西北偏西风1级
2018-04-24,20°,7°,晴,东南偏东风2级
2018-04-25,18°,11°,多云~中雨,东南风2级
2018-04-26,15°,11°,中雨~小雨,东南偏东风1级
2018-04-27,21°,11°,晴~多云,西北偏西风2级
2018-04-28,13°,10°,中雨~多云,东北偏东风1级
2018-04-29,20°,9°,晴~大雨,东南偏南风1级
2018-04-30,15°,6°,多云,西北风2级
2018-05-01,11°,8°,小雨~多云,西北偏西风2级
2018-05-02,26°,17°,晴,西风2级
2018-05-03,32°,20°,晴,西南偏西风2级
2018-05-04,33°,21°,小雨~雷阵雨,西南风2级
2018-05-05,28°,16°,晴~多云,西南偏南风1级
2018-05-06,24°,14°,晴~小雨,西南偏西风1级
2018-05-07,18°,12°,多云,东北偏东风2级
2018-05-08,25°,12°,晴~多云,东北偏东风1级
2018-05-10,25°,12°,晴,东南偏南风2级
2018-05-11,19°,14°,小雨~雷阵雨,东南偏南风2级
2018-05-12,23°,11°,晴~小雨,西北风2级
2018-05-13,15°,10°,大雨~小雨,东北偏东风2级
2018-05-14,12°,12°,中雨,东风1级
2018-05-15,22°,15°,多云~小雨,西南偏南风1级
2018-05-16,31°,16°,雷阵雨~大雨,西南偏南风2级
2018-05-17,18°,14°,小雨~中雨,东风2级
2018-05-18,22°,16°,小雨~多云,西北偏北风1级
2018-05-19,18°,10°,多云~小雨,东北偏东风2级
2018-05-20,15°,13°,中雨,东风2级
2018-05-21,27°,16°,多云~晴,西风2级
2018-05-22,26°,14°,晴~多云,西南偏西风1级
2018-05-23,20°,14°,中雨~小雨,东南偏南风1级
2018-05-24,27°,16°,晴,西北风1级
2018-05-25,28°,17°,晴,西北风1级
2018-05-26,30°,22°,晴,西南风2级
2018-05-27,32°,19°,多云~大雨,西南风1级
2018-05-28,17°,13°,小雨,东北偏东风3级
2018-05-29,21°,16°,多云,东南偏南风1级
2018-05-30,32°,19°,多云~晴,南风1级
2018-05-31,26°,14°,多云~小雨,东南风2级
2018-06-01,20°,17°,小雨,东南风1级
2018-06-02,27°,21°,多云~小雨,东风1级
2018-06-03,31°,16°,晴~小雨,东北偏北风2级
2018-06-04,17°,12°,多云~中雨,东风2级
2018-06-05,22°,15°,多云,东北偏北风2级
2018-06-06,24°,14°,雷阵雨,西风2级
2018-06-07,22°,14°,多云~晴,西北偏西风1级
2018-06-08,22°,16°,多云,东南偏南风2级
2018-06-09,28°,19°,多云~晴,西南偏西风2级
2018-06-10,28°,18°,晴~多云,北风1级
2018-06-11,21°,14°,中雨,东南风1级
2018-06-12,23°,13°,晴,东风2级
2018-06-13,24°,17°,晴,南风2级
2018-06-14,26°,20°,小雨~大雨,西南风1级
2018-06-15,29°,17°,晴,西北偏西风3级
2018-06-16,24°,17°,多云~晴,北风2级
2018-06-17,29°,21°,晴,西风1级
2018-06-18,33°,22°,晴,西南偏南风1级
2018-06-19,33°,23°,晴~大雨,西南偏南风2级
2018-06-20,31°,20°,晴,西北偏北风2级
2018-06-21,28°,19°,多云~中雨,东南偏南风1级
2018-06-22,28°,18°,小雨~晴,东风1级
2018-06-23,24°,17°,小雨~中雨,东风2级
2018-06-24,19°,19°,多云~大雨,东北风2级
2018-06-25,29°,19°,多云~雷阵雨,西南偏西风1级
2018-06-26,27°,17°,晴,西北偏北风2级
2018-06-27,26°,18°,晴~多云,东南风2级
2018-06-28,23°,19°,中雨~大雨,南风2级
2018-06-29,28°,22°,雷阵雨~晴,西南偏西风1级
2018-06-30,32°,23°,晴,西北风2级
2018-07-01,34°,25°,晴,西南风1级
2018-07-02,36°,27°,晴,西南风1级
2018-07-03,35°,26°,晴,东南偏南风2级
2018-07-04,33°,24°,雷阵雨~大雨,东南风1级
2018-07-05,30°,24°,多云,东南偏南风1级
2018-07-06,32°,24°,多云~大雨,南风2级
2018-07-07,27°,18°,雷阵雨~晴,西风2级
2018-07-08,26°,17°,晴,东南偏东风2级
2018-07-09,29°,18°,晴,东南风1级
2018-07-10,31°,21°,晴,西南偏南风1级
2018-07-11,34°,23°,晴~雷阵雨,西南偏南风2级
2018-07-12,31°,20°,多云~晴,东北风2级
2018-07-13,29°,21°,多云~晴,东南风1级
2018-07-14,29°,20°,晴~多云,东南偏南风1级
2018-07-15,31°,23°,晴~大雨,西南偏南风2级
2018-07-16,28°,23°,雷阵雨~晴,西南风2级
2018-07-17,32°,25°,晴~多云,南风1级
2018-07-18,31°,20°,雷阵雨~大雨,西南偏南风1级
2018-07-19,29°,18°,晴,北风2级
2018-07-20,28°,19°,晴,东南偏东风1级
2018-07-21,28°,19°,晴,东南偏南风1级
2018-07-22,26°,19°,小雨~中雨,东南偏东风3级
2018-07-23,26°,23°,大雨,东南偏南风2级
2018-07-24,27°,23°,大雨,东南偏南风2级
2018-07-27,31°,22°,雷阵雨~大雨,南风2级
2018-07-28,30°,21°,雷阵雨~中雨,南风2级
2018-07-29,29°,20°,多云~晴,西南偏南风1级
2018-07-30,28°,20°,晴,西风1级
2018-07-31,26°,20°,小雨,东南风1级
2018-08-01,28°,23°,晴~小雨,东南风2级
2018-08-02,29°,24°,雷阵雨~小雨,南风2级
2018-08-03,30°,24°,小雨~大雨,西南风1级
2018-08-04,29°,22°,大雨,西南偏南风1级
2018-08-05,29°,23°,小雨~晴,西南风1级
2018-08-06,33°,24°,晴,西南偏西风1级
2018-08-07,33°,24°,晴,西南风1级
2018-08-08,32°,23°,雷阵雨,西南偏南风2级
2018-08-09,32°,23°,多云~雷阵雨,西南偏南风1级
2018-08-10,32°,22°,多云~晴,西北风2级
2018-08-11,30°,22°,小雨~大雨,西南风1级
2018-08-12,24°,22°,大雨,东南风1级
2018-08-13,29°,21°,多云~小雨,东北风2级
2018-08-14,23°,22°,大雨~小雨,东北偏东风2级
2018-08-15,28°,21°,雷阵雨,西南风2级
2018-08-16,30°,24°,晴,西北偏西风2级
2018-08-17,31°,25°,晴,西北偏西风1级
2018-08-18,31°,23°,雷阵雨,南风1级
2018-08-19,29°,21°,雷阵雨~大雨,西风2级
2018-08-20,22°,18°,中雨~多云,东北风2级
2018-08-21,23°,19°,多云,东北偏东风2级
2018-08-22,26°,22°,多云~大雨,东南偏东风1级
2018-08-23,28°,18°,多云~小雨,西风2级
2018-08-24,25°,18°,晴,西北风2级
2018-08-25,28°,19°,晴,西南风1级
2018-08-26,27°,19°,晴,南风1级
2018-08-27,28°,23°,多云,西南偏南风1级
2018-08-28,31°,24°,多云,西南风1级
2018-08-29,34°,27°,晴,西南风2级
2018-08-30,33°,27°,晴,西南风2级
2018-08-31,32°,22°,晴~多云,西北偏北风2级
2018-09-01,24°,19°,小雨,东南偏东风2级
2018-09-02,26°,21°,多云,东南偏东风1级
2018-09-03,27°,22°,小雨~多云,东南偏南风1级
2018-09-04,32°,26°,晴,西南偏南风1级
2018-09-05,33°,25°,晴,西北偏北风1级
2018-09-06,32°,24°,小雨~晴,东南偏南风1级
2018-09-07,34°,23°,雷阵雨,西南偏南风2级
2018-09-08,24°,18°,多云,东北风3级
2018-09-09,21°,15°,中雨,东北偏北风3级
2018-09-10,16°,13°,中雨,东北风2级
2018-09-11,17°,17°,中雨~小雨,东南偏东风2级
2018-09-12,23°,21°,大雨~小雨,东南风1级
2018-09-13,25°,21°,大雨~中雨,东风1级
2018-09-14,24°,20°,阴~多云,东北风3级
2018-09-15,24°,19°,阴~多云,东风3级
2018-09-16,27°,19°,多云~晴,东南风2级
2018-09-17,29°,20°,晴~多云,东南风2级
2018-09-18,26°,23°,雷阵雨~大雨,东南偏南风2级
2018-09-19,26°,20°,大雨~晴,西风1级
2018-09-20,27°,17°,多云,东北偏北风2级
2018-09-21,22°,17°,多云,东北偏东风1级
2018-09-22,22°,19°,多云~小雨,南风2级
2018-09-23,23°,15°,晴~多云,北风2级
2018-09-24,19°,15°,阴~多云,东北风2级
2018-09-25,21°,14°,多云~小雨,东北偏东风3级
2018-09-27,28°,16°,小雨~大雨,西南偏南风1级
2018-09-28,22°,15°,小雨~中雨,东北风2级
2018-09-29,17°,13°,小雨~晴,北风2级
2018-09-30,22°,13°,晴,西北风1级
2018-10-01,21°,16°,晴,东南风1级
2018-10-02,24°,18°,多云,西南偏南风1级
2018-10-03,25°,18°,多云~大雨,南风1级
2018-10-04,23°,17°,晴~多云,西北偏北风2级
2018-10-05,24°,15°,小雨~多云,西南偏南风1级
2018-10-06,21°,14°,多云,东北风2级
2018-10-07,19°,18°,阴~中雨,东南偏南风1级
2018-10-08,26°,19°,多云~小雨,西南偏西风1级
2018-10-09,19°,17°,阴~中雨,东风2级
2018-10-10,25°,21°,多云,西南偏南风1级
2018-10-11,27°,22°,多云,西南偏南风2级
2018-10-12,25°,15°,中雨,西南偏南风1级
2018-10-13,16°,8°,小雨,西北风2级
2018-10-14,13°,7°,小雨~晴,西北偏西风3级
2018-10-15,14°,12°,多云,西南偏西风2级
2018-10-16,19°,9°,小雨,西南偏南风3级
2018-10-17,13°,8°,晴,西北偏西风3级
2018-10-18,16°,4°,多云~晴,西风4级
2018-10-19,10°,4°,晴,西北风4级
2018-10-20,16°,12°,晴~小雨,西南风3级
2018-10-21,17°,7°,多云~小雨,西南偏西风3级
2018-10-22,9°,3°,多云~晴,西北风5级
2018-10-23,10°,8°,多云,西南偏西风3级
2018-10-24,17°,7°,小雨~晴,西南风3级
2018-10-25,12°,4°,晴,西北风4级
2018-10-26,11°,3°,晴,西北风3级
2018-10-27,10°,7°,多云~中雨,东南偏东风2级
2018-10-28,11°,8°,中雨~小雨,东风5级
2018-10-29,11°,8°,阴~中雨,西南偏西风3级
2018-10-30,13°,6°,小雨~晴,西北偏西风4级
2018-10-31,13°,7°,晴,西北风3级
2018-11-01,18°,13°,晴~多云,南风3级
2018-11-02,21°,18°,多云~小雨,西南偏南风2级
2018-11-03,22°,13°,小雨~中雨,西南偏南风3级
2018-11-04,16°,5°,小雨~晴,西风4级
2018-11-05,13°,8°,晴~多云,东北偏东风2级
2018-11-06,12°,10°,中雨~阴,东南风3级
2018-11-07,16°,11°,中雨~晴,南风2级
2018-11-08,17°,7°,晴,西南偏西风3级
2018-11-09,13°,6°,晴,西北风2级
2018-11-10,11°,7°,小雨~中雨,东风3级
2018-11-11,8°,1°,晴,西风4级
2018-11-12,8°,1°,晴,西北偏西风3级
2018-11-13,9°,7°,多云~中雨,西南偏南风2级
2018-11-14,10°,1°,小雨~多云,西北偏北风3级
2018-11-15,4°,-2°,多云,西北偏西风4级
2018-11-16,2°,-2°,中雪~雨夹雪,东北偏东风3级
2018-11-17,7°,2°,小雨~晴,西北偏西风4级
2018-11-18,8°,2°,多云~晴,西风3级
2018-11-19,7°,6°,多云~阴,东风2级
2018-11-20,8°,1°,小雨~晴,西北风2级
2018-11-21,9°,1°,晴,西北风3级
2018-11-22,7°,-7°,多云~晴,西北风4级
2018-11-23,-3°,-6°,晴,西北风3级
2018-11-24,5°,-3°,多云~阴,西南风2级
2018-11-25,10°,5°,中雨~晴,东北风3级
2018-11-26,12°,6°,多云~小雨,西北风2级
2018-11-27,12°,5°,小雨~晴,西南风4级
2018-11-28,7°,4°,多云,西北风4级
2018-11-29,6°,4°,多云~晴,西北风4级
2018-11-30,7°,2°,晴~阴,西北风3级
2018-12-01,6°,2°,多云,西北风2级
2018-12-02,11°,5°,小雨,东南风3级
2018-12-03,12°,10°,小雨~多云,西南风3级
2018-12-04,12°,2°,晴,西北风4级
2018-12-05,4°,0°,晴~多云,西北风3级
2018-12-06,2°,0°,多云,西北风2级
2018-12-07,4°,1°,多云~晴,西南风3级
2018-12-08,3°,-1°,晴~多云,西北风3级
2018-12-09,1°,0°,阴,西北风2级
2018-12-10,1°,0°,阴~晴,西北风2级
2018-12-11,3°,0°,晴,东北风2级
2018-12-12,3°,0°,晴,西北风2级
2018-12-13,5°,2°,阴~小雨,东北风2级
2018-12-14,8°,3°,多云~阴,东南风3级
2018-12-15,9°,7°,小雨~阴,东南风2级
2018-12-16,9°,4°,小雨,东北风4级
2018-12-17,5°,3°,中雨~多云,东北风4级
2018-12-18,7°,0°,多云~晴,西北风4级
2018-12-19,1°,0°,晴~多云,西北风3级
2018-12-20,4°,1°,多云~阴,西南风2级
2018-12-21,16°,5°,中雨,东南风4级
2018-12-22,13°,7°,小雨~多云,西南风3级
2018-12-23,7°,1°,晴,西北风4级
2018-12-24,6°,3°,小雨~阴,西南风2级
2018-12-25,6°,1°,多云~晴,西北风3级
2018-12-26,5°,0°,多云~晴,西北风3级
2018-12-27,5°,1°,晴~多云,西北风2级
2018-12-28,9°,3°,小雨,东南风3级
2018-12-29,13°,8°,小雨~晴,西南风3级
2018-12-30,9°,2°,多云,西北风3级
2018-12-31,5°,2°,多云,西南风2级
2019-01-01,16°,5°,中雨~多云,西南风4级
2019-01-02,13°,0°,多云~阴,西北风3级
2019-01-03,7°,2°,小雨~多云,东南风2级
2019-01-04,7°,2°,晴~阴,西北风3级
2019-01-05,7°,4°,小雨,西南风3级
2019-01-06,7°,4°,小雨~多云,西北风3级
2019-01-07,8°,-1°,晴~多云,西北风4级
2019-01-08,5°,-1°,小雪~小雨,东南风2级
2019-01-09,7°,4°,小雨~晴,西南风3级
2019-01-10,6°,0°,多云,西北风4级
2019-01-11,2°,-4°,晴,西北风4级
2019-01-12,-1°,-4°,多云~阴,西北风3级
2019-01-13,0°,-2°,阴,西北风2级
2019-01-14,0°,-2°,阴~晴,东北风3级
2019-01-15,0°,-2°,晴~多云,西北风2级
2019-01-16,1°,0°,晴~多云,西南风2级
2019-01-17,4°,-3°,晴~阴,西北风3级
2019-01-18,2°,-1°,阴~小雪,东南风2级
2019-01-19,3°,0°,阴,西北风2级
2019-01-20,12°,2°,中雨,东南风4级
2019-01-21,6°,-11°,晴~多云,西北风5级
2019-01-22,-6°,-12°,晴,西北风4级
2019-01-23,1°,-6°,多云~阴,西南风3级
2019-01-24,12°,2°,小雨,西南风4级
2019-01-25,13°,0°,小雪~多云,西南风4级
2019-01-26,2°,-4°,晴~多云,西北风3级
2019-01-27,4°,-1°,多云,东南风2级
2019-01-28,7°,-2°,阴~多云,西南风3级
2019-01-29,2°,-2°,多云~小雪,东北风2级
2019-01-30,3°,-5°,小雪~多云,西南风3级
2019-01-31,0°,-14°,晴,西风4级
2019-02-01,-8°,-12°,晴~多云,西北风3级
2019-02-02,-4°,-8°,多云,西北风2级
2019-02-03,2°,-3°,多云,西南风3级
2019-02-04,5°,1°,晴,西南风2级
2019-02-05,10°,3°,多云,西南风2级
2019-02-06,13°,0°,多云~阴,西北风2级
2019-02-07,6°,4°,小雨~阴,东北风3级
2019-02-08,12°,5°,小雨,东南风3级
2019-02-09,12°,-3°,晴,西北风4级
2019-02-10,0°,-2°,晴~多云,西北风3级
2019-02-11,1°,-1°,阴,西南风2级
2019-02-12,3°,-2°,阴~小雪,东北风3级
2019-02-13,3°,-2°,中雪~中雨,东北风4级
2019-02-14,4°,0°,晴~多云,西南风4级
2019-02-15,7°,2°,阴~小雨,西南风3级
2019-02-16,12°,0°,阴,西南风3级
2019-02-17,5°,-1°,晴~多云,西北风3级
2019-02-18,4°,0°,小雪~小雨,东南风2级
2019-02-19,6°,-3°,多云~晴,西北风4级
2019-02-20,1°,-1°,阴~小雪,西北风2级
2019-02-21,3°,-1°,小雪~多云,东南风3级
2019-02-22,9°,0°,多云~阴,西北风3级
2019-02-23,6°,0°,阴,西北风2级
2019-02-24,8°,3°,小雨,东南风3级
2019-02-25,9°,0°,多云,西南风5级
2019-02-26,4°,-2°,晴~多云,西北风5级
2019-02-27,1°,-4°,多云~阴,西北风3级
2019-02-28,0°,-3°,小雪~多云,东南风3级
2019-03-01,2°,-1°,多云~小雪,东北风2级
2019-03-02,2°,0°,小雪,东北风3级
2019-03-03,3°,0°,多云,西北风2级
2019-03-04,5°,0°,中雪,东北风3级
2019-03-05,1°,-5°,多云~晴,西北风3级
2019-03-06,-1°,-6°,晴~多云,西北风3级
2019-03-07,-3°,-7°,多云,西北风3级
2019-03-08,0°,-4°,阴,西北风2级
2019-03-09,2°,0°,多云~晴,西南风2级
2019-03-10,5°,2°,小雪~小雨,东南风3级
2019-03-11,6°,2°,阴~晴,西北风3级
2019-03-12,10°,0°,晴,西北风4级
2019-03-13,6°,0°,晴~多云,西北风3级
2019-03-14,8°,4°,阴,东南风2级
2019-03-15,13°,9°,阴~小雨,西南风3级
2019-03-16,16°,6°,小雨~多云,西南风3级
2019-03-17,9°,0°,多云~晴,西北风4级
2019-03-18,7°,0°,晴,西北风2级
2019-03-19,7°,1°,多云~晴,西北风2级
2019-03-20,8°,3°,多云,西南风2级
2019-03-21,10°,6°,阴~小雨,东南风3级
2019-03-22,9°,6°,小雨,东北风4级
2019-03-23,9°,1°,多云,西北风5级
2019-03-24,8°,2°,晴~多云,西北风4级
2019-03-25,14°,7°,阴,西南风3级
2019-03-26,11°,0°,小雨~晴,东北风3级
2019-03-27,8°,0°,晴,东北风3级
2019-03-28,7°,2°,晴~多云,东南风2级
2019-03-29,11°,7°,阴~小雨,西南风3级
2019-03-30,14°,9°,阴~多云,西南风2级
2019-03-31,18°,12°,阴~小雨,西南风4级
2019-04-01,13°,2°,晴,西北风4级
2019-04-02,8°,3°,晴~阴,西北风3级
2019-04-03,10°,5°,小雨~晴,东南风3级
2019-04-04,17°,6°,多云,西北风4级
2019-04-05,14°,4°,多云~小雨,西北风3级
2019-04-06,13°,4°,小雨~多云,东南风2级
2019-04-07,18°,8°,晴~多云,西北风2级
2019-04-08,16°,10°,小雨,东南风3级
2019-04-09,23°,13°,阴~小雨,西南风2级
2019-04-10,12°,8°,多云~晴,西北风3级
2019-04-11,15°,5°,多云,西北风3级
2019-04-12,12°,7°,多云~阴,东南风3级
2019-04-13,18°,12°,中雨,西南风4级
2019-04-14,23°,14°,阴,西南风2级
2019-04-15,20°,17°,小雨,西南风4级
2019-04-16,17°,6°,晴,西北风5级
2019-04-17,18°,8°,小雨~晴,西北风3级
2019-04-18,16°,10°,阴~小雨,东南风3级
2019-04-19,18°,12°,阴,西南风4级
2019-04-20,23°,17°,中雨,西南风5级
2019-04-21,18°,13°,阴,东南风3级
2019-04-22,18°,12°,晴~多云,东南风3级
2019-04-23,19°,12°,小雨~晴,西北风3级
2019-04-24,24°,13°,小雨~晴,西南风3级
2019-04-25,19°,11°,多云~阴,西北风3级
2019-04-26,18°,13°,小雨,东南风3级
2019-04-27,17°,10°,小雨~多云,西南风4级
2019-04-28,14°,8°,多云~小雨,西北风3级
2019-04-29,12°,6°,晴~多云,东北风3级
2019-04-30,15°,9°,小雨,东南风3级
2019-05-01,19°,11°,阴~小雨,东北风2级
2019-05-02,21°,12°,小雨~阴,东南风2级
2019-05-03,23°,10°,阴,东南风3级
2019-05-04,17°,12°,小雨,东南风2级
2019-05-05,22°,13°,小雨,东北风2级
2019-05-06,18°,10°,中雨~多云,东北风3级
2019-05-07,21°,12°,晴,东南风2级
2019-05-08,21°,13°,小雨~多云,东北风3级
2019-05-09,22°,12°,多云~阴,东南风3级
2019-05-10,19°,13°,阴~小雨,东南风4级
2019-05-11,23°,12°,小雨~阴,西南风3级
2019-05-12,23°,10°,小雨,东北风3级
2019-05-13,12°,7°,小雨,东北风4级
2019-05-14,11°,7°,中雨~阴,东北风2级
2019-05-15,15°,8°,小雨~多云,西北风3级
2019-05-16,20°,13°,阴~多云,西北风2级
2019-05-17,23°,15°,晴~小雨,西南风2级
2019-05-18,26°,13°,小雨~多云,西北风3级
2019-05-19,25°,16°,多云,西南风3级
2019-05-20,25°,21°,小雨,西南风4级
2019-05-21,31°,13°,多云,西北风4级
2019-05-22,23°,14°,多云,西北风3级
2019-05-23,25°,17°,多云~小雨,西南风3级
2019-05-24,25°,18°,小雨~晴,西南风4级
2019-05-25,24°,14°,晴,西北风3级
2019-05-26,26°,17°,小雨~多云,西南风3级
2019-05-27,32°,19°,多云,西北风3级
2019-05-28,29°,18°,阴~小雨,东北风2级
2019-05-29,24°,19°,小雨,西南风3级
2019-05-30,25°,18°,小雨~阴,西南风2级
2019-05-31,25°,19°,小雨~晴,西南风3级
2019-06-01,29°,18°,多云~阴,西北风2级
2019-06-02,27°,19°,小雨,东南风2级
2019-06-03,29°,15°,多云~晴,西北风3级
2019-06-04,23°,13°,晴,西北风3级
2019-06-05,26°,18°,多云~小雨,西南风3级
2019-06-06,29°,21°,小雨,西南风4级
2019-06-07,28°,20°,阴,东北风2级
2019-06-08,26°,19°,阴,东北风2级
2019-06-09,27°,17°,多云~阴,东南风3级
2019-06-10,25°,18°,多云~小雨,东南风3级
2019-06-11,22°,18°,中雨,东南风3级
2019-06-12,26°,17°,多云~阴,西北风3级
2019-06-13,24°,17°,阴~小雨,东南风3级
2019-06-14,19°,15°,多云,西南风3级
2019-06-15,24°,17°,晴~多云,西南风3级
2019-06-16,27°,21°,阴~小雨,西南风4级
2019-06-17,28°,20°,小雨~阴,西南风3级
2019-06-18,25°,20°,小雨,东南风2级
2019-06-19,24°,19°,小雨,东南风2级
2019-06-20,25°,20°,小雨,东南风3级
2019-06-21,27°,20°,小雨~多云,西南风3级
2019-06-22,25°,18°,晴,西北风4级
2019-06-23,28°,18°,晴,西北风3级
2019-06-24,29°,21°,多云~阴,西北风2级
2019-06-25,30°,21°,小雨,西南风3级
2019-06-26,28°,22°,多云~晴,西北风2级
2019-06-27,31°,23°,晴,西北风2级
2019-06-28,32°,24°,多云,东北风2级
2019-06-29,33°,24°,多云,西南风2级
2019-06-30,33°,23°,多云~晴,西北风3级
2019-07-01,30°,19°,晴,西北风4级
2019-07-02,31°,23°,多云~小雨,西北风2级
2019-07-03,32°,24°,多云,西北风3级
2019-07-04,30°,24°,晴,东南风2级
2019-07-05,31°,23°,多云,东南风3级
2019-07-06,30°,24°,小雨,西南风3级
2019-07-07,32°,24°,小雨~多云,东北风3级
2019-07-08,30°,21°,阴~小雨,东南风2级
2019-07-09,28°,22°,晴,西南风2级
2019-07-10,32°,24°,晴~阴,西南风2级
2019-07-11,32°,24°,多云~小雨,西南风3级
2019-07-12,30°,25°,中雨~多云,西南风3级
2019-07-13,31°,23°,晴,西北风3级
2019-07-14,31°,25°,晴,西南风3级
2019-07-15,33°,22°,晴~多云,西北风3级
2019-07-16,31°,24°,多云~阴,西北风2级
2019-07-17,32°,26°,多云,西南风3级
2019-07-18,34°,24°,中雨,西南风2级
2019-07-19,29°,23°,多云,东北风2级
2019-07-20,34°,28°,多云,西南风3级
2019-07-21,36°,28°,多云,西南风3级
2019-07-22,38°,26°,小雨,西北风3级
2019-07-23,31°,21°,中雨,东北风3级
2019-07-24,26°,21°,小雨~多云,东北风3级
2019-07-25,29°,22°,晴,东北风2级
2019-07-26,30°,23°,晴,东南风2级
2019-07-27,31°,23°,多云~晴,东南风2级
2019-07-28,30°,24°,多云~晴,西南风3级
2019-07-29,32°,25°,小雨~多云,西南风3级
2019-07-30,33°,26°,晴,西南风3级
2019-07-31,33°,25°,晴~小雨,西南风3级
2019-08-01,31°,24°,小雨~多云,东南风3级
2019-08-02,32°,24°,多云,东北风2级
2019-08-03,30°,24°,阴~多云,西南风3级
2019-08-04,29°,24°,小雨~多云,西南风3级
2019-08-05,32°,22°,多云~阴,东北风2级
2019-08-06,28°,24°,阴~小雨,东南风2级
2019-08-07,29°,24°,小雨~多云,西南风3级
2019-08-08,31°,24°,小雨~多云,西南风3级
2019-08-09,31°,23°,多云,西南风3级
2019-08-10,30°,21°,多云,西北风3级
2019-08-11,29°,20°,晴,西北风3级
2019-08-12,28°,22°,多云~晴,西北风2级
2019-08-13,30°,23°,阴~小雨,西南风3级
2019-08-14,27°,23°,小雨~多云,西南风2级
2019-08-15,27°,22°,小雨~多云,东北风2级
2019-08-16,28°,21°,多云~阴,东南风3级
2019-08-17,29°,23°,小雨~晴,东南风2级
2019-08-18,29°,24°,小雨,东南风2级
2019-08-19,32°,24°,小雨~晴,西南风3级
2019-08-20,32°,24°,多云~小雨,西南风3级
2019-08-21,31°,25°,多云~阴,东南风2级
2019-08-22,32°,26°,多云,西南风3级
2019-08-23,33°,22°,小雨~阴,西北风3级
2019-08-24,27°,19°,多云~晴,东北风3级
2019-08-25,26°,19°,多云~晴,东北风3级
2019-08-26,24°,16°,晴~多云,东北风3级
2019-08-27,24°,18°,多云~阴,东南风3级
2019-08-28,25°,20°,多云~小雨,东南风2级
2019-08-29,26°,20°,阴~晴,西北风2级
2019-08-30,29°,21°,晴,西北风3级
2019-08-31,30°,22°,多云~阴,西北风3级
2019-09-01,28°,19°,多云~阴,东北风3级
2019-09-02,25°,21°,阴~小雨,东南风3级
2019-09-03,27°,20°,小雨~晴,西南风3级
2019-09-04,28°,21°,晴~小雨,东南风3级
2019-09-05,30°,18°,多云~阴,西北风3级
2019-09-06,25°,20°,阴,东北风2级
2019-09-07,21°,15°,阴~晴,东北风4级
2019-09-08,26°,18°,多云,西北风3级
2019-09-09,25°,18°,阴~多云,东北风3级
2019-09-10,24°,20°,多云,东南风2级
2019-09-11,25°,21°,多云~阴,西南风3级
2019-09-12,30°,23°,小雨,西南风3级
2019-09-13,27°,17°,多云~晴,东北风3级
2019-09-14,21°,17°,多云~阴,东南风3级
2019-09-15,25°,21°,小雨~多云,西南风3级
2019-09-16,28°,21°,多云,西北风2级
2019-09-17,23°,16°,多云~晴,东北风2级
2019-09-18,25°,16°,晴~多云,东北风3级
2019-09-19,21°,12°,晴,东北风3级
2019-09-20,21°,15°,晴~多云,西南风2级
2019-09-21,26°,18°,晴,西北风2级
2019-09-22,28°,20°,多云,西南风2级
2019-09-23,27°,22°,阴~多云,西南风3级
2019-09-24,30°,19°,小雨~晴,西南风3级
2019-09-25,24°,17°,晴,西北风3级
2019-09-26,25°,19°,晴~多云,西南风2级
2019-09-27,26°,17°,晴,西北风3级
2019-09-28,23°,19°,阴~多云,西南风3级
2019-09-29,26°,20°,小雨~晴,西南风3级
2019-09-30,25°,16°,阴~多云,东北风3级
2019-10-01,21°,18°,阴~晴,东南风3级
2019-10-02,27°,22°,多云~小雨,西南风3级
2019-10-03,32°,14°,小雨,东北风4级
2019-10-04,19°,14°,小雨~多云,东北风3级
2019-10-05,19°,9°,晴,东北风4级
2019-10-06,18°,13°,多云~阴,东南风3级
2019-10-07,22°,18°,阴~小雨,西南风4级
2019-10-08,25°,15°,小雨~阴,西北风4级
2019-10-09,19°,13°,阴~小雨,东北风4级
2019-10-10,13°,11°,阴~小雨,东北风4级
2019-10-11,19°,13°,阴,东北风4级
2019-10-12,15°,12°,多云,东北风4级
2019-10-13,20°,13°,多云~阴,西北风2级
2019-10-14,19°,15°,多云,西南风2级
2019-10-15,22°,11°,晴~多云,西北风3级
2019-10-16,18°,14°,晴~小雨,东南风3级
2019-10-17,19°,11°,中雨~多云,西南风5级
2019-10-18,14°,11°,多云,西北风5级
2019-10-19,15°,7°,晴,西北风3级
2019-10-20,16°,11°,多云~小雨,西南风2级
2019-10-21,15°,11°,小雨~晴,东北风3级
2019-10-22,18°,13°,多云~阴,东北风2级
2019-10-23,17°,14°,小雨~晴,东南风4级
2019-10-24,18°,11°,晴,西北风3级
2019-10-25,18°,12°,晴~阴,西南风2级
2019-10-26,17°,13°,阴~多云,西南风2级
2019-10-27,16°,14°,阴~小雨,东南风3级
2019-10-28,20°,13°,晴,西北风3级
2019-10-29,18°,14°,多云~小雨,东南风3级
2019-10-30,17°,14°,阴,东北风2级
2019-10-31,18°,16°,小雨,东南风3级
2019-11-01,21°,8°,小雨~晴,西南风5级
2019-11-02,12°,5°,晴,西北风3级
2019-11-03,10°,6°,多云~晴,西南风3级
2019-11-04,11°,6°,晴~多云,西北风2级
2019-11-05,14°,11°,多云~小雨,西南风3级
2019-11-06,16°,7°,多云~晴,西北风3级
2019-11-07,11°,9°,晴~小雨,西南风3级
2019-11-08,14°,1°,小雨~晴,西北风4级
2019-11-09,4°,0°,晴~多云,西北风3级
2019-11-10,7°,2°,多云~阴,西南风3级
2019-11-11,11°,7°,多云,西南风2级
2019-11-12,13°,4°,阴~小雨,西南风3级
2019-11-13,3°,-3°,多云~晴,西北风4级
2019-11-14,3°,-1°,多云~阴,西北风2级
2019-11-15,7°,3°,阴~多云,西南风3级
2019-11-16,9°,0°,多云~晴,西北风4级
2019-11-17,4°,0°,晴~阴,东北风4级
2019-11-18,5°,3°,阴~小雨,东北风4级
2019-11-19,7°,3°,小雨~多云,西北风2级
2019-11-20,10°,4°,阴,西北风2级
2019-11-21,7°,2°,晴,西北风3级
2019-11-22,10°,7°,阴~小雨,西南风3级
2019-11-23,11°,1°,晴~多云,西北风4级
2019-11-24,8°,4°,中雨,东北风3级
2019-11-25,7°,3°,晴~多云,西北风4级
2019-11-26,9°,6°,多云~晴,西南风2级
2019-11-27,12°,8°,多云~阴,西南风2级
2019-11-28,13°,6°,小雨~多云,西南风4级
2019-11-29,9°,1°,晴~多云,西北风4级
2019-11-30,5°,0°,多云,西北风3级
2019-12-01,5°,0°,多云~小雪,东北风2级
2019-12-02,6°,0°,小雨,东北风5级
2019-12-03,1°,-1°,小雪~多云,西北风4级
2019-12-04,1°,0°,多云~阴,西北风3级
2019-12-05,4°,1°,阴~多云,西北风3级
2019-12-06,5°,0°,多云,西北风3级
2019-12-07,8°,0°,多云~晴,西北风4级
2019-12-08,2°,0°,晴~多云,西北风2级
2019-12-09,9°,1°,阴~小雨,西南风2级
2019-12-10,14°,10°,中雨,西南风4级
2019-12-11,12°,0°,小雨~小雪,西北风3级
2019-12-12,3°,-2°,晴~多云,西北风3级
2019-12-13,6°,0°,多云~小雨,东南风2级
2019-12-14,12°,6°,中雨,东北风3级
2019-12-15,13°,5°,阴~多云,西南风4级
2019-12-16,7°,0°,多云~小雪,西北风3级
2019-12-17,4°,0°,中雪~中雨,东北风2级
2019-12-18,2°,-2°,小雪~多云,西北风3级
2019-12-19,1°,-9°,多云~晴,西北风4级
2019-12-20,-3°,-6°,晴,西北风4级
2019-12-21,0°,-4°,多云~阴,西北风2级
2019-12-22,1°,-1°,晴,西南风2级
2019-12-23,4°,1°,多云~晴,西南风3级
2019-12-24,9°,1°,晴,西北风3级
2019-12-25,6°,0°,晴~多云,东北风2级
2019-12-26,4°,1°,多云~阴,东北风1级
2019-12-27,8°,4°,阴,东南风3级
2019-12-28,9°,4°,阴~多云,西南风3级
2019-12-29,8°,3°,阴~小雨,西北风2级
2019-12-30,8°,5°,中雨,东南风3级
2020-01-15,6°,5°,阴~晴,西北风2级
2020-01-16,9°,6°,小雨~多云,西南风3级
2020-01-17,7°,-4°,多云~晴,西北风5级
2020-01-18,-1°,-5°,多云~小雪,西北风3级
2020-01-19,2°,-2°,小雪~多云,西南风3级
2020-01-20,4°,-5°,多云~晴,西北风4级
2020-01-21,-1°,-5°,晴,西北风3级
2020-01-22,0°,-3°,多云~晴,西北风2级
2020-01-23,1°,0°,多云~阴,西南风1级
2020-01-24,4°,1°,阴,西南风1级
2020-01-25,8°,3°,多云~小雨,东北风3级
2020-01-26,9°,2°,多云~晴,西南风3级
2020-01-27,7°,1°,多云,西南风3级
2020-01-28,6°,1°,晴,西北风3级
2020-01-29,5°,0°,多云~晴,西北风3级
2020-01-30,4°,-2°,晴~多云,东北风3级
2020-01-31,3°,0°,阴,东北风1级
2020-02-01,6°,2°,多云~阴,东南风2级
2020-02-02,5°,1°,阴~多云,西北风2级
2020-02-03,7°,2°,阴~多云,西南风3级
2020-02-04,10°,6°,阴,西南风2级
2020-02-05,12°,4°,小雨~阴,西北风3级
2020-02-06,5°,3°,小雨,东北风2级
2020-02-07,11°,3°,小雨,东南风2级
2020-02-08,14°,0°,多云,西北风5级
2020-02-09,4°,0°,多云,西北风3级
2020-02-10,6°,3°,阴~小雨,西南风3级
2020-02-11,6°,5°,中雨,西南风2级
2020-02-12,6°,1°,阴,西北风3级
2020-02-13,6°,3°,小雨,西南风2级
2020-02-14,5°,-3°,多云~晴,西北风3级
2020-02-15,-1°,-7°,晴~多云,西北风3级
2020-02-16,2°,-4°,阴,西南风3级
2020-02-17,5°,1°,阴~多云,西北风2级
2020-02-18,8°,2°,多云~阴,东北风2级
2020-02-19,7°,2°,阴~多云,西北风3级
2020-02-20,7°,-1°,多云~阴,西北风3级
2020-02-21,2°,-5°,多云~晴,西北风3级
2020-02-22,2°,-2°,晴,西南风3级
2020-02-23,8°,1°,晴,西南风3级
2020-02-24,10°,3°,晴~多云,西南风2级
2020-02-25,8°,6°,多云~小雨,西南风1级
2020-02-26,8°,6°,小雨~阴,东北风2级
2020-02-27,10°,4°,小雨~多云,东南风4级
2020-02-28,5°,0°,多云,西南风5级
2020-02-29,4°,-1°,多云,西南风4级
2020-03-01,1°,-3°,多云~晴,西北风4级
2020-03-02,6°,0°,多云,西南风3级
2020-03-03,11°,8°,小雨,西南风3级
2020-03-04,12°,6°,小雨~晴,西南风4级
2020-03-05,11°,3°,多云,西北风4级
2020-03-06,9°,4°,阴~多云,东南风2级
2020-03-07,8°,1°,小雨~多云,东北风4级
2020-03-08,7°,2°,晴~多云,西北风3级
2020-03-09,13°,7°,多云~晴,西南风3级
2020-03-10,18°,10°,多云~阴,西南风3级
2020-03-11,15°,6°,小雨~阴,西南风3级
2020-03-12,12°,6°,多云~阴,东南风2级
2020-03-13,11°,8°,小雨,东南风3级
2020-03-14,19°,5°,多云,西北风4级
2020-03-15,11°,4°,阴~多云,西北风3级
2020-03-16,10°,1°,晴~多云,东北风3级
2020-03-17,7°,4°,阴~小雨,东南风3级
2020-03-18,11°,4°,多云,西北风2级
2020-03-19,10°,5°,小雨,东南风3级
2020-03-20,14°,8°,阴~小雨,东南风2级
2020-03-21,21°,5°,阴~多云,西北风4级
2020-03-22,10°,1°,多云,东北风3级
2020-03-23,6°,3°,阴~小雨,东南风3级
2020-03-24,6°,2°,小雨~晴,东北风3级
2020-03-25,11°,4°,多云~阴,东北风3级
2020-03-26,8°,2°,多云~晴,东北风3级
2020-03-27,12°,9°,阴~多云,西南风3级
2020-03-28,17°,9°,多云~小雨,东北风2级
2020-03-29,10°,8°,小雨,东北风3级
2020-03-30,11°,6°,阴~小雨,东北风2级
2020-03-31,13°,5°,小雨~阴,东北风2级
2020-04-01,8°,3°,阴,东北风3级
2020-04-02,11°,3°,多云~晴,西北风3级
2020-04-03,13°,8°,阴~小雨,西北风4级
2020-04-04,10°,8°,阴,东北风4级
2020-04-05,14°,8°,多云~阴,西南风2级
2020-04-06,17°,10°,阴~晴,西北风2级
2020-04-07,17°,10°,阴~多云,西北风2级
2020-04-08,17°,12°,小雨~多云,西南风3级
2020-04-09,17°,9°,晴~小雨,西南风3级
2020-04-10,14°,4°,多云~阴,西北风5级
2020-04-11,9°,3°,多云~晴,西北风5级
2020-04-12,12°,7°,多云,西北风3级
2020-04-13,15°,13°,中雨,东南风5级
2020-04-14,19°,7°,多云,西南风4级
2020-04-15,14°,5°,阴~多云,西北风3级
2020-04-16,11°,4°,多云,西北风3级
2020-04-17,9°,3°,多云,西北风4级
2020-04-18,10°,6°,小雨,西南风2级
2020-04-19,11°,5°,晴~多云,西北风3级
2020-04-20,15°,8°,阴,西南风3级
2020-04-21,14°,8°,多云~小雨,西南风3级
2020-04-22,14°,1°,多云~晴,西北风4级
2020-04-23,10°,4°,晴~阴,西北风3级
2020-04-24,10°,5°,小雨,东北风3级
2020-04-25,13°,6°,多云,东北风2级
2020-04-26,16°,9°,阴~小雨,东南风3级
2020-04-27,8°,6°,小雨~多云,北风3级
2020-04-28,17°,5°,晴~多云,西北风2级
2020-04-29,14°,10°,阴~小雨,东南风3级
2020-04-30,16°,11°,小雨~中雨,东南风5级
2020-05-01,17°,12°,小雨~多云,南风3级
2020-05-02,22°,11°,多云~小雨,西北风3级
2020-05-03,25°,13°,多云~阴,西南风3级
2020-05-04,19°,10°,多云~晴,西北风4级
2020-05-05,16°,8°,多云~阴,西北风3级
2020-05-06,13°,8°,小雨~阴,东风3级
2020-05-07,18°,8°,晴~多云,西北风3级
2020-05-08,14°,9°,小雨~中雨,西风3级
2020-05-09,9°,1°,多云,西北风5级
2020-05-10,16°,5°,多云~阴,西南风4级
2020-05-11,15°,7°,小雨~多云,西南风3级
2020-05-12,15°,6°,晴~多云,西北风4级
2020-05-13,16°,6°,晴,西北风3级
2020-05-14,18°,10°,多云~小雨,南风3级
2020-05-15,27°,15°,多云~小雨,西南风3级
2020-05-16,24°,17°,阴,西北风3级
2020-05-17,19°,13°,阴,东南风3级
2020-05-18,20°,13°,阴,东风3级
2020-05-19,19°,13°,阴,东北风4级
2020-05-20,18°,11°,阴~多云,东风3级
2020-05-21,17°,9°,晴,东南风2级
2020-05-22,22°,13°,多云~小雨,南风2级
2020-05-23,19°,13°,中雨~阴,东北风2级
2020-05-24,19°,11°,阴,东北风3级
2020-05-25,22°,13°,多云~晴,东南风2级
2020-05-26,24°,15°,晴,南风2级
2020-05-27,24°,16°,阴,南风3级
2020-05-28,23°,18°,阴~小雨,南风3级
2020-05-29,25°,19°,小雨,南风3级
2020-05-30,27°,20°,多云~晴,西风3级
2020-05-31,21°,14°,晴,西北风4级
2020-06-01,21°,12°,多云,西北风3级
2020-06-02,21°,15°,阴~小雨,西南风3级
2020-06-03,28°,17°,小雨~多云,西风3级
2020-06-04,30°,19°,多云~中雨,西南风3级
2020-06-05,24°,20°,小雨,西南风2级
2020-06-06,31°,20°,阴~晴,西北风3级
2020-06-07,26°,18°,晴~多云,西北风3级
2020-06-08,27°,17°,多云,西北风2级
2020-06-09,31°,20°,晴~多云,西南风3级
2020-06-10,28°,23°,阴~小雨,南风3级
2020-06-11,28°,22°,小雨~阴,西南风4级
2020-06-12,30°,21°,多云~晴,西北风3级
2020-06-13,25°,16°,晴,北风3级
2020-06-14,23°,14°,晴,东北风3级
2020-06-15,24°,17°,多云,东风3级
2020-06-16,24°,17°,多云,东风3级
2020-06-17,25°,17°,多云,东风3级
2020-06-18,25°,18°,阴~多云,东南风2级
2020-06-19,28°,20°,多云~小雨,南风3级
2020-06-20,28°,21°,小雨~多云,南风3级
2020-06-21,30°,22°,多云~小雨,西南风3级
2020-06-22,31°,23°,晴~小雨,西南风3级
2020-06-23,29°,23°,晴~小雨,南风3级
2020-06-24,31°,24°,小雨~多云,西风3级
2020-06-25,30°,23°,多云,西南风3级
2020-06-26,30°,22°,多云,西风2级
2020-06-27,30°,23°,小雨~阴,西南风3级
2020-06-28,32°,23°,晴,西南风2级
2020-06-29,32°,23°,晴~多云,北风3级
2020-06-30,26°,21°,中雨~多云,东北风2级
2020-07-01,29°,22°,多云~小雨,东南风2级
2020-07-02,33°,23°,多云,西北风2级
2020-07-03,33°,24°,小雨~中雨,东北风2级
2020-07-04,30°,22°,多云~晴,东风3级
2020-07-05,34°,23°,晴~阴,西南风2级
2020-07-06,34°,24°,中雨~小雨,东南风2级
2020-07-07,29°,23°,多云~小雨,东南风3级
2020-07-08,30°,24°,小雨~多云,南风3级
2020-07-09,31°,24°,晴~小雨,南风3级
2020-07-10,26°,24°,大雨~中雨,东风3级
2020-07-11,30°,24°,小雨~晴,西南风4级
2020-07-12,32°,23°,晴~小雨,西南风3级
2020-07-13,33°,25°,多云~晴,西风3级
2020-07-14,32°,23°,晴~多云,西北风3级
2020-07-15,28°,22°,多云,东风3级
2020-07-16,26°,21°,多云,东南风3级
2020-07-17,29°,21°,阴~小雨,南风3级
2020-07-18,34°,23°,晴~多云,西风2级
2020-07-19,35°,26°,多云~晴,西南风3级
2020-07-20,36°,27°,多云,西南风3级
2020-07-21,34°,27°,多云~小雨,南风2级
2020-07-22,33°,27°,多云~中雨,南风2级
2020-07-23,32°,26°,小雨,西南风3级
2020-07-24,29°,25°,小雨,东风2级
2020-07-25,33°,24°,晴~多云,西南风2级
2020-07-26,35°,26°,多云,西南风3级
2020-07-27,36°,27°,多云,西南风3级
2020-07-28,35°,28°,晴~小雨,西风3级
2020-07-29,33°,26°,晴,南风2级
2020-07-30,34°,27°,阴~小雨,西南风3级
2020-07-31,28°,23°,小雨~晴,东南风2级
2020-08-01,32°,24°,晴~多云,南风2级
2020-08-02,32°,25°,小雨~阴,南风4级
2020-08-03,33°,26°,多云~小雨,西南风3级
2020-08-04,28°,26°,中雨~晴,南风4级
2020-08-05,32°,24°,晴~多云,西南风3级
2020-08-06,29°,23°,小雨~中雨,东南风2级
2020-08-07,29°,23°,小雨~中雨,东南风3级
2020-08-08,27°,23°,多云~晴,东南风2级
2020-08-09,31°,23°,多云~晴,西南风3级
2020-08-10,33°,25°,晴~小雨,西南风3级
2020-08-11,31°,26°,小雨,南风3级
2020-08-12,33°,25°,小雨,西南风2级
2020-08-13,28°,25°,中雨~多云,东北风2级
2020-08-14,31°,25°,多云,东北风3级
2020-08-15,29°,23°,阴,东北风3级
2020-08-16,23°,21°,小雨~阴,东北风3级
2020-08-17,28°,19°,晴~中雨,西南风3级
2020-08-18,30°,22°,晴~多云,西风2级
2020-08-19,28°,23°,小雨~晴,东北风2级
2020-08-20,28°,19°,晴~多云,东北风2级
2020-08-21,29°,22°,阴,西南风3级
2020-08-22,32°,24°,多云~阴,西南风3级
2020-08-23,31°,25°,多云~阴,西南风2级
2020-08-24,33°,25°,晴~多云,西南风2级
2020-08-25,34°,26°,多云~晴,西北风3级
2020-08-26,27°,20°,晴~小雨,西北风3级
2020-08-27,33°,23°,多云~小雨,西南风3级
2020-08-28,32°,24°,多云~小雨,西北风3级
2020-08-29,28°,24°,小雨,西南风3级
2020-08-30,27°,20°,晴~多云,西北风4级
2020-08-31,25°,20°,阴,东风3级
2020-09-01,26°,22°,小雨~阴,东南风3级
2020-09-02,28°,22°,小雨~中雨,东南风3级
2020-09-03,31°,24°,多云~小雨,西南风2级
2020-09-04,31°,23°,晴~多云,西北风3级
2020-09-05,27°,20°,多云~晴,西北风2级
2020-09-06,29°,21°,晴,西南风3级
2020-09-07,26°,22°,晴,南风3级
2020-09-08,29°,22°,晴~多云,东南风2级
2020-09-09,29°,22°,阴~小雨,东南风2级
2020-09-10,30°,24°,小雨~大雨,南风2级
2020-09-11,27°,21°,多云,东北风3级
2020-09-12,23°,18°,晴~多云,东风3级
2020-09-13,24°,19°,多云,东南风3级
2020-09-14,27°,18°,多云~晴,西北风3级
2020-09-15,21°,13°,晴,东北风3级
2020-09-16,23°,17°,晴,西南风3级
2020-09-17,25°,19°,小雨,西南风3级
2020-09-18,22°,16°,多云~晴,东北风4级
2020-09-19,19°,11°,晴,东北风4级
2020-09-20,18°,11°,多云~晴,东北风3级
2020-09-21,19°,12°,晴,东北风3级
2020-09-22,23°,12°,晴,西北风3级
2020-09-23,27°,16°,晴~多云,西北风3级
2020-09-24,26°,18°,阴,西南风2级
2020-09-25,26°,19°,阴,西南风2级
2020-09-26,24°,19°,多云~晴,东南风2级
2020-09-27,26°,20°,多云,东南风2级
2020-09-28,26°,21°,多云~晴,南风3级
2020-09-29,25°,20°,中雨~大雨,南风3级
2020-09-30,23°,18°,多云~晴,西南风4级
2020-10-01,24°,18°,晴~阴,西南风3级
2020-10-02,20°,15°,多云~晴,西北风2级
2020-10-03,20°,13°,晴,西北风2级
2020-10-04,20°,14°,晴~多云,东风2级
2020-10-05,21°,14°,多云,东北风2级
2020-10-06,21°,16°,小雨~多云,西南风3级
2020-10-07,25°,17°,晴,西南风4级
2020-10-08,17°,13°,晴,西北风4级
2020-10-09,20°,13°,多云,西南风2级
2020-10-10,24°,17°,多云~阴,西南风4级
2020-10-11,21°,16°,阴~中雨,东北风3级
2020-10-12,16°,12°,中雨,东北风4级
2020-10-13,16°,14°,小雨~多云,东北风4级
2020-10-14,21°,12°,晴~多云,西风3级
2020-10-15,22°,16°,多云,西南风3级
2020-10-16,19°,12°,大雨,西北风3级
2020-10-17,16°,8°,晴~多云,西北风3级
2020-10-18,17°,12°,多云~阴,东南风3级
2020-10-19,19°,14°,阴,东南风2级
2020-10-20,22°,15°,多云,东南风2级
2020-10-21,22°,17°,多云~晴,南风2级
2020-10-22,24°,18°,晴,东南风2级
2020-10-23,21°,18°,阴,东南风2级
2020-10-24,20°,12°,阴~多云,西风3级
2020-10-25,12°,8°,阴,东北风3级
2020-10-26,16°,12°,小雨~阴,东风3级
2020-10-27,15°,13°,阴~小雨,西北风2级
2020-10-28,16°,12°,小雨~阴,西风2级
2020-10-29,14°,10°,大雨~中雨,东北风3级
2020-10-30,9°,4°,中雨~多云,东北风4级
2020-10-31,9°,2°,晴~多云,东北风2级
2020-11-01,14°,7°,中雨~小雨,西南风4级
2020-11-02,6°,4°,多云,西北风5级
2020-11-03,11°,5°,阴~晴,西北风4级
2020-11-04,17°,7°,晴,南风3级
2020-11-05,19°,12°,多云~阴,西南风3级
2020-11-06,20°,13°,多云~晴,西南风2级
2020-11-07,22°,14°,晴,西风2级
2020-11-08,22°,14°,晴,西风1级
2020-11-09,22°,15°,晴,西南风2级
2020-11-10,21°,15°,晴,西南风3级
2020-11-11,22°,17°,中雨~大雨,西南风3级
2020-11-12,19°,10°,小雨,北风3级
2020-11-13,12°,10°,小雨~晴,北风3级
2020-11-14,11°,7°,晴,西北风3级
2020-11-15,17°,7°,多云~小雨,南风4级
2020-11-16,12°,7°,晴,西风4级
2020-11-17,8°,2°,小雨~多云,西北风3级
2020-11-18,3°,0°,晴,西北风4级
2020-11-19,8°,0°,多云,西南风3级
2020-11-20,14°,8°,晴,西南风3级
2020-11-21,15°,8°,多云~阴,西北风3级
2020-11-22,14°,8°,阴~大雨,东风3级
2020-11-23,15°,6°,中雨~晴,西北风4级
2020-11-24,8°,5°,多云~阴,西北风3级
2020-11-25,13°,7°,阴~小雨,西南风3级
2020-11-26,17°,12°,小雨~晴,西南风3级
2020-11-27,15°,10°,晴,西北风2级
2020-11-28,13°,7°,多云~晴,西北风3级
2020-11-29,11°,6°,晴~阴,西南风2级
2020-11-30,17°,10°,大雨~多云,东南风4级
2020-12-01,15°,4°,小雨~多云,西南风4级
2020-12-02,7°,3°,阴~晴,西风4级
2020-12-03,9°,3°,多云~阴,西南风3级
2020-12-04,11°,8°,小雨~中雨,西南风3级
2020-12-05,8°,4°,中雨~晴,西北风4级
2020-12-06,5°,1°,晴,西北风4级
2020-12-07,5°,1°,多云~阴,西北风3级
2020-12-08,3°,-1°,多云,西北风3级
2020-12-09,3°,0°,小雪~多云,西风3级
2020-12-10,9°,3°,晴~多云,西北风3级
2020-12-11,11°,4°,多云,西南风2级
2020-12-12,12°,7°,小雨~阴,南风2级
2020-12-13,14°,7°,多云~阴,西风3级
2020-12-14,7°,3°,中雨~晴,西北风3级
2020-12-15,3°,0°,多云~阴,西北风3级
2020-12-16,1°,-1°,小雪~大雪,东北风4级
2020-12-17,1°,-6°,小雪~多云,东北风4级
2020-12-18,-1°,-8°,晴,西北风3级
2020-12-19,-2°,-10°,多云~阴,西北风2级
2020-12-20,1°,-5°,阴~雾,西南风1级
2020-12-21,2°,-1°,雾~小雪,西北风2级
2020-12-22,3°,1°,多云~晴,西风3级
2020-12-23,4°,-1°,多云~阴,西南风2级
2020-12-24,15°,5°,多云~大雨,东南风5级
2020-12-25,16°,-1°,中雨~多云,西南风5级
2020-12-26,-1°,-4°,多云~晴,西风4级
2020-12-27,2°,-2°,多云~阴,西南风2级
2020-12-28,8°,1°,多云~晴,西南风3级
2020-12-29,4°,-1°,晴~多云,西北风3级
2020-12-30,6°,-1°,阴~小雨,西南风3级
2020-12-31,8°,3°,中雨~多云,西风3级
2021-01-01,6°,1°,小雨~中雨,东北风2级
2021-01-02,10°,3°,多云~阴,西北风3级
2021-01-03,5°,2°,小雨,东北风3级
2021-01-04,6°,1°,多云~阴,北风2级
2021-01-05,5°,2°,多云,北风2级
2021-01-06,5°,1°,多云~晴,西北风3级
2021-01-07,5°,0°,晴,西北风3级
2021-01-08,4°,-1°,多云~阴,西北风2级
2021-01-09,2°,-2°,多云,北风3级
2021-01-10,4°,0°,多云,西北风3级
2021-01-11,3°,0°,阴~晴,西风2级
2021-01-12,5°,0°,晴~多云,西北风2级
2021-01-13,5°,0°,多云,西南风2级
2021-01-14,7°,3°,阴~多云,西风0级
2021-01-15,8°,2°,阴~大雨,东风3级
2021-01-16,9°,4°,阴~多云,西风0级
2021-01-17,6°,2°,晴~多云,西风4级
2021-01-18,6°,2°,晴,西风3级
2021-01-19,5°,1°,多云,西风3级
2021-01-20,4°,-2°,多云,西北风3级
2021-01-21,4°,-2°,多云~晴,西南风3级
2021-01-22,6°,0°,晴,西北风0级
2021-01-23,0°,-5°,多云~晴,西北风4级
2021-01-24,-1°,-6°,多云,西北风4级
2021-01-25,1°,-3°,多云~阴,西北风2级
2021-01-26,2°,-1°,小雪,东风0级
2021-01-27,3°,-1°,多云,西北风3级
2021-01-28,0°,-7°,多云,西北风4级
2021-01-29,-5°,-10°,多云~晴,西北风5级
2021-01-30,-2°,-8°,晴~多云,西北风3级
2021-01-31,-2°,-6°,阴~中雪,东北风0级
2021-02-01,1°,-3°,大雪~中雪,东北风0级
2021-02-02,1°,-1°,小雪,北风4级
2021-02-03,1°,-4°,阴~多云,西北风3级
2021-02-04,2°,-2°,晴~多云,西北风3级
2021-02-05,4°,0°,小雪~多云,西南风3级
2021-02-06,3°,-2°,晴~小雪,西风3级
2021-02-07,1°,-5°,中雪~多云,北风3级
2021-02-08,-3°,-11°,晴~小雪,西北风0级
2021-02-09,0°,-6°,小雪~多云,北风2级
2021-02-10,-2°,-8°,阴~小雪,西北风2级
2021-02-11,-1°,-6°,阴,东北风2级
2021-02-12,-3°,-10°,多云~阴,北风2级
2021-02-13,-2°,-9°,阴~小雪,东北风3级
2021-02-14,0°,-3°,雾~阴,东北风2级
2021-02-15,0°,-2°,小雪~大雪,东北风0级
2021-02-16,6°,-2°,阴~晴,西南风3级
2021-02-17,-1°,-7°,多云~小雪,西北风3级
2021-02-18,-1°,-4°,中雪~小雪,东北风3级
2021-02-19,0°,-3°,小雪,东北风3级
2021-02-20,-1°,-7°,多云~晴,西北风3级
2021-02-21,0°,-7°,晴~多云,西北风0级
2021-02-22,3°,-3°,中雪~阴,西南风3级
2021-02-23,3°,-1°,小雪~晴,西南风3级
2021-02-24,8°,1°,多云,西南风3级
2021-02-25,6°,0°,晴~多云,西北风4级
2021-02-26,5°,-1°,晴~小雪,西风2级
2021-02-27,8°,3°,中雨~多云,东南风2级
2021-02-28,7°,3°,中雨,东风2级
2021-03-01,7°,-2°,小雨~多云,西北风0级
2021-03-02,0°,-6°,晴,西北风4级
2021-03-03,8°,-1°,晴~多云,西风3级
2021-03-04,5°,-3°,晴,西北风4级
2021-03-05,1°,-4°,晴,西北风4级
2021-03-06,1°,-2°,多云,西北风0级
2021-03-07,3°,-3°,晴,西北风3级
2021-03-08,4°,-3°,晴~多云,西北风2级
2021-03-09,12°,2°,多云~晴,西北风3级
2021-03-10,10°,3°,晴~阴,东南风2级
2021-03-11,18°,7°,多云~小雨,西南风3级
2021-03-12,16°,8°,多云~晴,西北风0级
2021-03-13,8°,1°,晴,西北风4级
2021-03-14,9°,-2°,晴,西北风4级
2021-03-15,2°,-5°,晴~多云,西北风4级
2021-03-16,4°,-1°,阴,东南风2级
2021-03-17,8°,2°,阴,东南风2级
2021-03-18,7°,5°,大雨~中雨,东北风0级
2021-03-19,6°,-1°,多云~晴,北风4级
2021-03-20,11°,0°,晴,西北风2级
2021-03-21,14°,5°,晴,东北风2级
2021-03-22,14°,6°,晴,东南风2级
2021-03-23,15°,6°,多云~阴,东风2级
2021-03-24,13°,8°,小雨~中雨,东南风0级
2021-03-25,18°,10°,阴~小雨,南风2级
2021-03-26,23°,11°,多云,西南风4级
2021-03-27,17°,9°,多云~阴,西风3级
2021-03-28,17°,10°,中雨~小雨,南风4级
2021-03-29,12°,5°,晴,西北风4级
2021-03-30,13°,6°,晴~多云,南风3级
2021-03-31,15°,10°,中雨~小雨,南风3级
2021-04-01,12°,4°,小雨~多云,西北风4级
2021-04-02,4°,-2°,多云~晴,西北风4级
2021-04-03,11°,0°,晴~多云,西北风3级
2021-04-04,15°,6°,多云~晴,西北风3级
2021-04-05,17°,8°,晴~多云,西北风4级
2021-04-06,18°,8°,晴~阴,西北风3级
2021-04-07,18°,10°,多云,东北风2级
2021-04-08,17°,10°,晴~多云,东南风2级
2021-04-09,15°,10°,阴~多云,东南风2级
2021-04-10,18°,11°,阴~小雨,南风2级
2021-04-11,14°,11°,中雨~小雨,东南风3级
2021-04-12,10°,8°,中雨,东北风3级
2021-04-13,16°,7°,多云,东北风2级
2021-04-14,18°,10°,小雨,西南风2级
2021-04-15,14°,8°,中雨~小雨,西南风3级
2021-04-16,11°,6°,多云~阴,西北风3级
2021-04-17,12°,7°,阴~多云,西北风3级
2021-04-18,14°,8°,阴~多云,西北风0级
2021-04-19,17°,10°,阴~小雨,西南风2级
2021-04-20,21°,10°,多云~阴,西南风3级
2021-04-21,18°,4°,中雨~晴,西南风4级
2021-04-22,9°,1°,多云,西北风4级
2021-04-23,17°,4°,晴~多云,西风4级
2021-04-24,19°,10°,多云~中雨,西南风3级
2021-04-25,15°,10°,中雨~晴,北风3级
2021-04-26,15°,5°,晴~小雨,西北风4级
2021-04-27,17°,8°,多云~阴,西南风2级
2021-04-28,27°,13°,阴~小雨,西南风0级
2021-04-29,22°,17°,小雨,西南风2级
2021-04-30,19°,8°,多云,西北风5级
2021-05-01,18°,5°,晴~阴,西北风4级
2021-05-02,24°,13°,小雨~阴,西南风3级
2021-05-03,17°,13°,小雨,东北风2级
2021-05-04,21°,12°,多云~中雨,东风2级
2021-05-05,16°,12°,小雨~多云,北风3级
2021-05-06,19°,9°,多云~阴,西北风0级
2021-05-07,17°,10°,多云~阴,东风3级
2021-05-08,11°,9°,小雨~多云,东南风0级
2021-05-09,15°,7°,小雨~中雨,西南风3级
2021-05-10,14°,9°,阴,西北风3级
2021-05-11,18°,10°,多云,西北风3级
2021-05-12,19°,7°,多云~晴,西北风3级
2021-05-13,20°,10°,多云,西北风2级
2021-05-14,23°,12°,晴~多云,西南风2级
2021-05-15,23°,13°,小雨~多云,西南风2级
2021-05-16,22°,14°,阴~多云,西南风2级
2021-05-17,23°,14°,晴~多云,西南风2级
2021-05-18,25°,15°,多云,西风0级
2021-05-19,29°,17°,晴~阴,北风3级
2021-05-20,24°,17°,多云~阴,东南风0级
2021-05-21,23°,15°,多云~小雨,西南风2级
2021-05-22,30°,18°,阴~多云,西北风3级
2021-05-23,32°,20°,多云~阴,西北风4级
2021-05-24,21°,15°,阴~多云,东南风3级
2021-05-25,22°,15°,阴,西南风3级
2021-05-26,29°,18°,多云~小雨,西南风3级
2021-05-27,27°,19°,晴~多云,西北风3级
2021-05-28,20°,11°,小雨~大雨,东北风4级
2021-05-29,11°,8°,中雨,东北风4级
2021-05-30,10°,9°,中雨~小雨,东北风4级
2021-05-31,22°,9°,多云,西北风3级
2021-06-01,25°,14°,阴,西南风2级
2021-06-02,24°,16°,阴~小雨,南风3级
2021-06-03,22°,16°,小雨~中雨,南风2级
2021-06-04,26°,18°,小雨~晴,西南风2级
2021-06-05,33°,18°,多云,西南风3级
2021-06-06,33°,22°,晴~多云,西南风3级
2021-06-07,30°,23°,小雨,西南风3级
2021-06-08,31°,22°,中雨,南风2级
2021-06-09,33°,22°,中雨~小雨,西南风2级
2021-06-10,28°,18°,多云,东风3级
2021-06-11,21°,17°,阴~多云,东南风3级
2021-06-12,21°,17°,阴~晴,东风2级
2021-06-13,23°,16°,多云~小雨,西南风2级
2021-06-14,23°,18°,小雨~中雨,南风3级
2021-06-15,28°,17°,多云~晴,西北风3级
2021-06-16,25°,17°,晴,西北风3级
2021-06-17,26°,15°,晴,西北风2级
2021-06-18,28°,18°,多云~小雨,西南风3级
2021-06-19,33°,20°,阴,西南风3级
2021-06-20,30°,19°,多云~小雨,西南风3级
2021-06-21,29°,21°,阴~小雨,南风3级
2021-06-22,25°,15°,中雨~多云,西北风3级
2021-06-23,25°,14°,晴,西北风3级
2021-06-24,25°,17°,晴~多云,东南风2级
2021-06-25,27°,17°,阴~多云,东南风3级
2021-06-26,28°,20°,阴,南风3级
2021-06-27,31°,22°,阴,西南风3级
2021-06-28,32°,23°,小雨~多云,西南风3级
2021-06-29,35°,24°,多云~小雨,西南风3级
2021-06-30,36°,25°,晴~小雨,西南风3级
2021-07-01,29°,21°,中雨~大雨,西风2级
2021-07-02,25°,18°,小雨,西南风3级
2021-07-03,18°,15°,小雨~阴,东北风3级
2021-07-04,24°,16°,小雨~晴,东南风2级
2021-07-05,28°,19°,多云~小雨,南风2级
2021-07-06,35°,21°,小雨~中雨,西南风3级
2021-07-07,35°,23°,晴~小雨,西南风2级
2021-07-08,31°,22°,中雨~大雨,西南风2级
2021-07-09,29°,20°,中雨~小雨,西北风3级
2021-07-10,29°,20°,多云,北风2级
2021-07-11,26°,21°,阴~小雨,东南风2级
2021-07-12,29°,23°,小雨~中雨,东南风2级
2021-07-13,26°,21°,阴~小雨,东风3级
2021-07-14,33°,21°,多云,西南风2级
2021-07-15,32°,23°,多云~小雨,西南风2级
2021-07-16,34°,24°,多云,西南风3级
2021-07-17,33°,25°,小雨~中雨,南风3级
2021-07-18,30°,23°,阴,西南风3级
2021-07-19,28°,21°,小雨~晴,西北风2级
2021-07-20,33°,22°,晴~小雨,西风2级
2021-07-21,31°,24°,晴,西北风3级
2021-07-22,29°,19°,阴~多云,西北风3级
2021-07-23,29°,20°,多云~晴,北风2级
2021-07-24,30°,21°,晴~小雨,东南风2级
2021-07-25,30°,21°,小雨,西南风3级
2021-07-26,33°,23°,多云,西北风2级
2021-07-27,33°,24°,晴~小雨,西南风2级
2021-07-28,30°,21°,晴,北风3级
2021-07-29,26°,21°,小雨,南风3级
2021-07-30,28°,20°,晴,西北风4级
2021-07-31,27°,17°,晴,西北风2级
2021-08-01,25°,20°,阴~小雨,南风2级
2021-08-02,28°,18°,晴~多云,西北风3级
2021-08-03,27°,20°,阴,西北风2级
2021-08-04,25°,21°,阴~多云,东北风2级
2021-08-05,26°,19°,多云,东北风3级
2021-08-06,32°,22°,多云,西南风3级
2021-08-07,31°,23°,阴,西南风3级
2021-08-08,25°,20°,中雨~阴,东北风3级
2021-08-09,28°,21°,小雨~多云,东北风3级
2021-08-10,30°,22°,小雨~中雨,南风2级
2021-08-11,34°,23°,多云,西南风3级
2021-08-12,36°,24°,多云~小雨,西南风3级
2021-08-13,36°,26°,多云~小雨,西南风3级
2021-08-14,34°,26°,多云~小雨,西北风3级
2021-08-15,30°,22°,阴,东北风3级
2021-08-16,28°,22°,阴,东南风2级
2021-08-17,27°,23°,小雨,东南风3级
2021-08-18,28°,23°,多云~中雨,东南风3级
2021-08-19,30°,25°,小雨~阴,西南风4级
2021-08-20,28°,24°,阴,西北风2级
2021-08-21,30°,24°,阴~多云,东南风2级
2021-08-22,25°,21°,大雨~中雨,西北风4级
2021-08-23,28°,22°,小雨~晴,西南风3级
2021-08-24,33°,23°,晴,西北风3级
2021-08-25,34°,24°,晴,西北风2级
2021-08-26,35°,26°,晴,西南风2级
2021-08-27,34°,26°,多云~中雨,西北风2级
2021-08-28,27°,22°,小雨~阴,东北风3级
2021-08-29,26°,20°,阴~多云,东南风2级
2021-08-30,31°,23°,多云~阴,西南风2级
2021-08-31,31°,24°,阴~小雨,西北风2级
2021-09-01,26°,22°,小雨~大雨,东南风3级
2021-09-02,26°,16°,晴,西北风4级
2021-09-03,25°,16°,晴~多云,西北风3级
2021-09-04,27°,17°,多云,西风2级
2021-09-05,24°,20°,小雨,西南风3级
2021-09-06,29°,20°,晴,西风3级
2021-09-07,28°,19°,晴,西南风2级
2021-09-08,28°,22°,多云~小雨,南风4级
2021-09-09,23°,20°,中雨~小雨,西风2级
2021-09-10,25°,18°,晴,西北风3级
2021-09-11,25°,17°,多云~晴,西南风2级
2021-09-12,29°,20°,多云,西南风4级
2021-09-13,30°,24°,多云~小雨,西北风3级
2021-09-14,27°,21°,阴~多云,东南风2级
2021-09-15,31°,23°,多云~小雨,西南风3级
2021-09-16,26°,21°,阴~小雨,东北风3级
2021-09-17,27°,21°,多云~晴,东北风3级
2021-09-18,30°,20°,多云,北风2级
2021-09-19,26°,18°,晴,东北风3级
2021-09-20,25°,18°,晴~多云,东南风2级
2021-09-21,25°,17°,阴,东南风3级
2021-09-22,27°,22°,阴,东南风3级
2021-09-23,27°,23°,小雨~中雨,东南风4级
2021-09-24,25°,17°,多云~晴,西风3级
2021-09-25,25°,17°,多云,东北风2级
2021-09-26,23°,18°,晴,西北风3级
2021-09-27,27°,17°,多云,西南风3级
2021-09-28,26°,18°,小雨~多云,西风3级
2021-09-29,22°,12°,晴,北风3级
2021-09-30,20°,14°,多云,西北风3级
2021-10-01,21°,11°,晴,西北风2级
2021-10-02,24°,14°,多云,西南风3级
2021-10-03,27°,17°,多云~小雨,西南风2级
2021-10-04,21°,19°,小雨~阴,东北风2级
2021-10-05,21°,16°,多云~阴,东北风3级
2021-10-06,23°,16°,多云,东北风2级
2021-10-07,25°,17°,多云,西南风2级
2021-10-08,24°,17°,阴~多云,东风2级
2021-10-09,20°,16°,小雨~阴,东北风4级
2021-10-10,19°,16°,小雨~阴,东北风4级
2021-10-11,22°,17°,多云~阴,东北风3级
2021-10-12,23°,16°,多云~晴,东北风2级
2021-10-13,25°,17°,多云~晴,西南风2级
2021-10-14,26°,17°,阴~多云,北风2级
2021-10-15,25°,19°,多云,南风2级
2021-10-16,24°,15°,小雨~中雨,西南风4级
2021-10-17,18°,12°,多云~晴,西北风4级
2021-10-18,16°,10°,多云~晴,西北风4级
2021-10-19,20°,10°,晴~多云,西北风4级
2021-10-20,24°,16°,多云,西风3级
2021-10-21,24°,17°,多云,西南风3级
2021-10-22,21°,15°,多云~阴,西风3级
2021-10-23,16°,9°,阴~多云,西北风3级
2021-10-24,17°,9°,多云~阴,西风2级
2021-10-25,22°,15°,小雨~大雨,南风3级
2021-10-26,18°,13°,大雨,东北风4级
2021-10-27,14°,12°,阴~多云,北风4级
2021-10-28,15°,10°,晴~多云,东北风3级
2021-10-29,14°,10°,阴~中雨,东风4级
2021-10-30,18°,14°,小雨,东南风3级
2021-10-31,18°,13°,多云~晴,西风3级
2021-11-01,15°,11°,晴~多云,西北风3级
2021-11-02,13°,9°,阴~晴,西风3级
2021-11-03,12°,7°,晴~阴,西北风3级
2021-11-04,10°,5°,多云,东北风2级
2021-11-05,11°,5°,晴~多云,北风3级
2021-11-06,12°,6°,晴,东北风1级
2021-11-07,12°,6°,阴~多云,东北风2级
2021-11-08,17°,10°,晴,北风3级
2021-11-09,20°,13°,晴~多云,西风2级
2021-11-10,17°,11°,晴~多云,西北风3级
2021-11-11,16°,9°,阴~小雨,东南风3级
2021-11-12,18°,12°,小雨~晴,南风4级
2021-11-13,17°,6°,小雨~晴,西南风4级
2021-11-14,9°,3°,阴~多云,西南风3级
2021-11-15,8°,5°,多云~晴,西风3级
2021-11-16,10°,3°,晴,西北风3级
2021-11-17,13°,6°,多云,西南风2级
2021-11-18,18°,12°,多云~中雨,西南风3级
2021-11-19,11°,4°,晴~多云,西北风4级
2021-11-20,8°,2°,多云~阴,西南风2级
2021-11-21,13°,7°,多云~小雨,西南风3级
2021-11-22,12°,3°,阴~多云,西北风3级
2021-11-23,6°,0°,多云~晴,西北风4级
2021-11-24,8°,-1°,晴~多云,西北风3级
2021-11-25,12°,5°,阴~小雨,西风2级
2021-11-26,9°,2°,小雨~多云,西北风4级
2021-11-27,5°,1°,晴~阴,西北风4级
2021-11-28,8°,0°,多云,西南风2级
2021-11-29,6°,1°,多云,西北风3级
2021-11-30,5°,0°,阴~多云,西风3级
2021-12-01,8°,4°,阴~小雨,西风2级
2021-12-02,13°,7°,阴~多云,西南风3级
2021-12-03,10°,4°,多云,西北风4级
2021-12-04,8°,3°,多云,西风2级
2021-12-05,8°,4°,阴~小雨,北风2级
2021-12-06,15°,7°,阴~小雨,西南风4级
2021-12-07,7°,4°,阴,西北风3级
2021-12-08,6°,3°,阴~多云,西北风2级
2021-12-09,4°,-2°,阴,西北风3级
2021-12-10,9°,4°,多云~小雨,西南风2级
2021-12-11,18°,7°,小雨,西南风4级
2021-12-12,11°,5°,晴~多云,西北风4级
2021-12-13,11°,4°,多云,西南风3级
2021-12-14,10°,6°,多云,北风3级
2021-12-15,12°,4°,阴,东南风3级
2021-12-16,15°,11°,阴~多云,西南风3级
2021-12-17,15°,8°,阴,西北风3级
2021-12-18,10°,5°,小雨,东风2级
2021-12-19,9°,-1°,多云~晴,西北风4级
2021-12-20,4°,-4°,晴~多云,西风2级
2021-12-21,6°,0°,阴~小雨,西南风2级
2021-12-22,7°,0°,小雨~晴,西北风3级
2021-12-23,2°,-1°,多云~小雪,西北风3级
2021-12-24,6°,-1°,多云~小雨,东南风2级
2021-12-25,9°,3°,中雨~多云,西南风2级
2021-12-26,9°,3°,晴,西北风4级
2021-12-27,9°,4°,晴~多云,西北风4级
2021-12-28,10°,3°,阴~小雨,西北风2级
2021-12-29,9°,5°,阴~小雨,东风2级
2021-12-30,9°,6°,阴,西北风1级
2021-12-31,11°,8°,多云~中雨,西南风2级
2022-01-01,11°,9°,中雨~大雨,东南风2级
2022-01-02,14°,3°,阴~小雪,西北风3级
2022-01-03,3°,-4°,中雪~多云,北风4级
2022-01-04,0°,-7°,多云,西风2级
2022-01-05,5°,0°,小雨~多云,西南风3级
2022-01-06,5°,1°,阴~中雪,西风3级
2022-01-07,2°,-4°,小雪~晴,西北风4级
2022-01-08,-1°,-6°,晴~多云,西北风3级
2022-01-09,3°,-2°,小雪,西南风3级
2022-01-10,3°,-4°,多云,西北风4级
2022-01-11,-3°,-10°,晴,西北风3级
2022-01-12,2°,-6°,多云~阴,西南风3级
2022-01-13,4°,1°,多云~阴,北风1级
2022-01-14,5°,-5°,阴~晴,北风4级
2022-01-15,-5°,-11°,多云,北风3级
2022-01-16,5°,-12°,阴~大雨,东北风3级
2022-01-17,8°,-1°,小雨~多云,西南风5级
2022-01-18,1°,-2°,多云,西北风4级
2022-01-19,7°,-1°,阴~小雨,西南风3级
2022-01-20,7°,-5°,小雪~阴,西北风3级
2022-01-21,-4°,-10°,阴~多云,北风3级
2022-01-22,-2°,-10°,晴~多云,北风2级
2022-01-23,1°,-4°,阴,西南风3级
2022-01-24,1°,-3°,多云~阴,西北风2级
2022-01-25,5°,-3°,多云~晴,西北风3级
2022-01-26,-2°,-6°,晴,西北风3级
2022-01-27,-1°,-7°,晴~阴,西南风2级
2022-01-28,0°,-2°,小雪~中雪,西北风2级
2022-01-29,-2°,-12°,中雪~多云,西北风5级
2022-01-30,-4°,-12°,多云,西北风3级
2022-01-31,-2°,-11°,多云~晴,东北风1级
2022-02-01,0°,-9°,多云~阴,东北风2级
2022-02-02,3°,-3°,阴,东北风1级
2022-02-03,7°,1°,中雨,南风2级
2022-02-04,11°,-3°,中雪~阴,西北风3级
2022-02-05,-3°,-7°,晴,西北风4级
2022-02-06,-1°,-9°,多云,东风2级
2022-02-07,1°,-1°,小雪,东北风2级
2022-02-08,6°,0°,多云~晴,西北风3级
2022-02-09,6°,0°,晴~多云,西南风2级
2022-02-10,10°,3°,晴,西南风3级
2022-02-11,11°,4°,多云,西南风3级
2022-02-12,13°,3°,多云~小雪,西风3级
2022-02-13,4°,-2°,小雪~多云,北风3级
2022-02-14,-3°,-9°,多云~晴,西北风4级
2022-02-15,-1°,-9°,晴~多云,西北风3级
2022-02-16,5°,-2°,多云~阴,南风3级
2022-02-17,13°,4°,阴~中雨,西南风4级
2022-02-18,15°,-2°,多云~晴,西风5级
2022-02-19,5°,-5°,多云~晴,西风4级
2022-02-20,2°,-6°,多云~晴,西南风3级
2022-02-21,9°,0°,多云,西南风3级
2022-02-22,12°,4°,中雨~小雨,南风3级
2022-02-23,17°,1°,阴,西风4级
2022-02-24,4°,-1°,阴~中雪,东北风3级
2022-02-25,3°,-6°,中雪~多云,西北风3级
2022-02-26,3°,-4°,多云~晴,西北风3级
2022-02-27,8°,-2°,晴~多云,西风4级
2022-02-28,1°,-3°,晴~多云,西北风3级
2022-03-01,7°,0°,阴~小雨,南风3级
2022-03-02,9°,4°,多云~小雨,西北风3级
2022-03-03,7°,-4°,多云~晴,西北风4级
2022-03-04,4°,-6°,晴~多云,西风3级
2022-03-05,6°,0°,阴,南风2级
2022-03-06,16°,6°,小雨~阴,西南风3级
2022-03-07,19°,12°,阴~小雨,西南风4级
2022-03-08,9°,4°,多云~小雨,西北风4级
2022-03-09,6°,2°,中雪~阴,东风2级
2022-03-10,9°,1°,阴~晴,西风2级
2022-03-11,10°,5°,多云~小雨,南风2级
2022-03-12,8°,-5°,大雪~多云,西北风4级
2022-03-13,1°,-5°,多云,西风4级
2022-03-14,11°,-1°,多云,西南风3级
2022-03-15,15°,7°,阴~多云,西南风2级
2022-03-16,16°,10°,晴~阴,西南风2级
2022-03-17,10°,7°,中雨~多云,东北风2级
2022-03-18,20°,10°,多云~小雨,西南风2级
2022-03-19,15°,6°,阴~小雨,南风3级
2022-03-20,15°,7°,阴~多云,西北风3级
2022-03-21,15°,7°,晴~多云,西北风4级
2022-03-22,13°,6°,多云,西北风3级
2022-03-23,9°,4°,阴~中雨,东风3级
2022-03-24,9°,4°,小雨~中雨,东北风4级
2022-03-25,16°,7°,多云~晴,西风3级
2022-03-26,10°,7°,小雨~多云,西风3级
2022-03-27,8°,-1°,小雨~多云,西北风4级
2022-03-28,-1°,-6°,阴~多云,西北风5级
2022-03-29,4°,-4°,多云~晴,西北风4级
2022-03-30,9°,-2°,阴~多云,西南风3级
2022-03-31,14°,6°,小雨~大雨,南风4级
2022-04-01,14°,6°,阴~晴,西风4级
2022-04-02,12°,2°,多云~阴,西北风3级
2022-04-03,8°,5°,小雨~多云,西风3级
2022-04-04,13°,4°,多云,西北风3级
2022-04-05,12°,7°,阴~中雨,东南风2级
2022-04-06,10°,6°,小雨~阴,东北风3级
2022-04-07,11°,8°,小雨~中雨,东南风4级
2022-04-08,16°,10°,晴~小雨,西南风3级
2022-04-09,13°,9°,小雨,西南风3级
2022-04-10,10°,5°,多云~晴,西北风4级
2022-04-11,14°,4°,多云~阴,西风3级
2022-04-12,20°,10°,小雨~多云,西北风3级
2022-04-13,20°,12°,多云~小雨,东南风2级
2022-04-14,27°,14°,小雨~阴,西南风3级
2022-04-15,19°,12°,晴~多云,西南风3级
2022-04-16,19°,10°,阴~中雨,西南风4级
2022-04-17,10°,5°,多云~晴,西北风4级
2022-04-18,11°,5°,阴~大雨,东风3级
2022-04-19,11°,4°,阴~晴,西风5级
2022-04-20,14°,5°,晴~多云,西北风3级
2022-04-21,13°,7°,阴~多云,南风3级
2022-04-22,18°,11°,晴~多云,西北风3级
2022-04-23,16°,10°,多云~阴,东南风2级
2022-04-24,16°,10°,多云,东南风3级
2022-04-25,15°,8°,阴,东南风3级
2022-04-26,18°,10°,小雨,东南风2级
2022-04-27,14°,5°,阴~多云,西北风4级
2022-04-28,12°,3°,晴,西北风4级
2022-04-29,16°,5°,晴,西北风4级
2022-04-30,18°,7°,晴~多云,西北风2级
2022-05-01,19°,9°,多云~小雨,西南风2级
2022-05-02,13°,11°,小雨~阴,东北风2级
2022-05-03,17°,10°,阴,东北风3级
2022-05-04,18°,10°,小雨~多云,东南风2级
2022-05-05,22°,13°,多云~阴,东北风3级
2022-05-06,15°,10°,中雨~大雨,东南风2级
2022-05-07,10°,7°,中雨~小雨,东北风4级
2022-05-08,14°,7°,阴~多云,东北风4级
2022-05-09,19°,8°,晴,东北风4级
2022-05-10,20°,10°,多云~晴,东北风4级
2022-05-11,22°,11°,多云,东北风4级
2022-05-12,22°,14°,多云,东北风3级
2022-05-13,23°,13°,多云~阴,东南风2级
2022-05-14,23°,16°,小雨~中雨,南风2级
2022-05-15,25°,15°,多云~小雨,西南风2级
2022-05-16,23°,16°,小雨,西南风3级
2022-05-17,24°,13°,多云~晴,西北风4级
2022-05-18,22°,11°,多云~中雨,西北风3级
2022-05-19,20°,11°,小雨~多云,南风2级
2022-05-20,24°,12°,多云~小雨,东南风3级
2022-05-21,33°,15°,多云~晴,西南风2级
2022-05-22,31°,21°,小雨,西南风3级
2022-05-23,24°,15°,阴,北风3级
2022-05-24,20°,13°,阴~多云,东南风3级
2022-05-25,21°,13°,阴,东南风3级
2022-05-26,21°,12°,多云~阴,东南风3级
2022-05-27,24°,17°,中雨~小雨,南风3级
2022-05-28,25°,17°,小雨~晴,西风3级
2022-05-29,26°,16°,多云~晴,西南风2级
2022-05-30,29°,17°,多云,西南风3级
2022-05-31,35°,21°,多云~小雨,西北风3级
2022-06-01,22°,13°,小雨~中雨,东南风3级
2022-06-02,27°,17°,中雨,西南风2级
2022-06-03,26°,16°,阴~多云,东北风1级
2022-06-04,28°,17°,晴,西北风2级
2022-06-05,25°,15°,多云~晴,东风2级
2022-06-06,27°,16°,多云~阴,西南风2级
2022-06-07,24°,16°,阴~小雨,南风4级
2022-06-08,29°,19°,多云~中雨,西南风3级
2022-06-09,29°,19°,多云~晴,西风4级
2022-06-10,27°,15°,多云~阴,西北风3级
2022-06-11,27°,19°,阴~多云,西北风2级
2022-06-12,25°,18°,小雨,西南风3级
2022-06-13,30°,19°,多云~阴,西风2级
2022-06-14,29°,18°,阴~晴,北风2级
2022-06-15,28°,20°,多云,东南风3级
2022-06-16,23°,16°,阴~中雨,南风3级
2022-06-17,32°,19°,多云~晴,西风3级
2022-06-18,24°,15°,多云~晴,西北风4级
2022-06-19,24°,11°,晴,西北风4级
2022-06-20,27°,13°,多云~阴,西北风3级
2022-06-21,27°,19°,阴~小雨,西南风2级
2022-06-22,20°,17°,小雨~多云,东南风3级
2022-06-23,24°,15°,阴~多云,东南风3级
2022-06-24,28°,16°,晴~多云,南风2级
2022-06-25,33°,20°,多云~晴,西南风2级
2022-06-26,31°,21°,多云,西南风3级
2022-06-27,25°,20°,中雨~晴,西南风3级
2022-06-28,28°,17°,晴~多云,西北风2级
2022-06-29,29°,20°,晴~多云,西南风2级
2022-06-30,31°,20°,多云~晴,西风2级
2022-07-01,33°,21°,多云~中雨,西南风3级
2022-07-02,32°,23°,小雨,西南风3级
2022-07-03,31°,22°,多云~晴,西北风2级
2022-07-04,30°,18°,晴~多云,西北风2级
2022-07-05,29°,22°,小雨,西南风3级
2022-07-06,33°,22°,多云,西北风3级
2022-07-07,27°,22°,多云,东南风3级
2022-07-08,29°,21°,阴~小雨,西南风2级
2022-07-09,30°,22°,阴~多云,东风2级
2022-07-10,28°,19°,晴,东南风3级
2022-07-11,28°,20°,晴,西南风3级
2022-07-12,32°,19°,多云~小雨,西南风4级
2022-07-13,33°,22°,多云,西风2级
2022-07-14,32°,22°,多云,西北风2级
2022-07-15,29°,21°,多云,东风2级
2022-07-16,29°,20°,阴~小雨,东南风2级
2022-07-17,31°,21°,多云~小雨,西南风2级
2022-07-18,28°,22°,中雨,西南风3级
2022-07-19,34°,21°,晴,西风3级
2022-07-20,36°,24°,晴,西南风3级
2022-07-21,36°,24°,多云~晴,西南风3级
2022-07-22,35°,25°,晴~多云,西南风3级
2022-07-23,36°,24°,多云,西南风2级
2022-07-24,36°,25°,多云~小雨,西南风3级
2022-07-25,35°,25°,阴~小雨,西南风4级
2022-07-26,31°,21°,阴,西北风3级
2022-07-27,30°,22°,多云~小雨,南风2级
2022-07-28,33°,22°,阴~多云,西南风3级
2022-07-29,29°,23°,阴~中雨,西风3级
2022-07-30,32°,22°,晴,西北风3级
2022-07-31,30°,23°,阴~小雨,南风2级
2022-08-01,27°,19°,小雨~晴,东南风2级
2022-08-02,34°,20°,多云~晴,西南风3级
2022-08-03,33°,22°,晴,西南风3级
2022-08-04,34°,24°,晴~多云,西南风3级
2022-08-05,33°,24°,阴~小雨,西南风3级
2022-08-06,32°,24°,多云,西南风3级
2022-08-07,34°,24°,多云,西南风3级
2022-08-08,33°,24°,多云,西南风3级
2022-08-09,36°,25°,小雨,西南风3级
2022-08-10,31°,23°,多云~小雨,东北风3级
2022-08-11,31°,23°,阴~多云,西北风2级
2022-08-12,30°,20°,多云~晴,北风3级
2022-08-13,28°,18°,晴,北风3级
2022-08-14,28°,20°,多云,西南风3级
2022-08-15,28°,20°,多云,东南风2级
2022-08-16,28°,19°,多云~小雨,东北风3级
2022-08-17,26°,20°,小雨,东北风2级
2022-08-18,30°,18°,多云~晴,西风2级
2022-08-19,32°,20°,晴~阴,西南风3级
2022-08-20,31°,23°,小雨,南风3级
2022-08-21,29°,22°,阴~中雨,东南风3级
2022-08-22,27°,22°,小雨,东南风2级
2022-08-23,30°,21°,小雨~晴,西南风2级
2022-08-24,32°,20°,晴,西风3级
2022-08-25,33°,23°,多云,西南风2级
2022-08-26,32°,24°,多云~晴,西南风3级
2022-08-27,31°,23°,多云~阴,东北风2级
2022-08-28,29°,23°,多云~晴,东南风3级
2022-08-29,30°,22°,晴,南风3级
2022-08-30,31°,23°,小雨~中雨,西南风3级
2022-08-31,30°,20°,晴,西北风3级
2022-09-01,29°,20°,晴,西北风3级
2022-09-02,26°,17°,多云,东北风3级
2022-09-03,27°,19°,阴,东南风2级
2022-09-04,30°,21°,小雨,西南风2级
2022-09-05,29°,22°,小雨~大雨,西南风2级
2022-09-06,23°,21°,中雨~小雨,东南风2级
2022-09-07,24°,17°,阴~小雨,东北风3级
2022-09-08,26°,17°,多云~晴,东北风3级
2022-09-09,27°,18°,晴,东北风2级
2022-09-10,29°,18°,多云~阴,西南风2级
2022-09-11,23°,18°,小雨,西南风2级
2022-09-12,29°,19°,小雨~中雨,东南风2级
2022-09-13,29°,21°,小雨~晴,西南风3级
2022-09-14,28°,16°,晴,西北风3级
2022-09-15,24°,16°,晴,西北风3级
2022-09-16,26°,14°,晴~阴,西北风2级
2022-09-17,24°,17°,多云,东南风2级
2022-09-18,29°,18°,晴~多云,西南风3级
2022-09-19,30°,21°,多云~小雨,西南风3级
2022-09-20,27°,19°,晴,西北风3级
2022-09-21,27°,17°,晴~小雨,西南风2级
2022-09-22,23°,15°,中雨~晴,西风3级
2022-09-23,18°,8°,晴,西北风4级
2022-09-24,22°,9°,多云,西北风3级
2022-09-25,24°,15°,阴~小雨,西南风3级
2022-09-26,23°,14°,晴~多云,西南风3级
2022-09-27,23°,14°,多云~晴,西南风3级
2022-09-28,21°,10°,多云,西北风3级
2022-09-29,20°,12°,多云~阴,北风3级
2022-09-30,17°,10°,阴~中雨,东北风3级
2022-10-01,16°,9°,小雨,东北风4级
2022-10-02,16°,12°,中雨~阴,东北风4级
2022-10-03,14°,9°,小雨~中雨,东北风4级
2022-10-04,13°,7°,小雨~中雨,东北风4级
2022-10-05,15°,12°,中雨~小雨,东北风3级
2022-10-06,24°,13°,晴~多云,西北风2级
2022-10-07,25°,15°,晴~多云,西北风3级
2022-10-08,16°,8°,晴,西北风3级
2022-10-09,18°,7°,晴,西风3级
2022-10-10,20°,11°,多云,西南风2级
2022-10-11,22°,11°,晴,西南风2级
2022-10-12,21°,15°,多云~阴,西南风3级
2022-10-13,20°,16°,小雨~中雨,东南风3级
2022-10-14,21°,11°,晴,西北风3级
2022-10-15,20°,14°,晴,南风2级
2022-10-16,21°,13°,多云,西北风2级
2022-10-17,18°,14°,小雨~阴,西南风3级
2022-10-18,15°,7°,多云~晴,西风3级
2022-10-19,13°,5°,晴,西南风3级
2022-10-20,15°,5°,晴,西南风4级
2022-10-21,17°,10°,晴,西南风2级
2022-10-22,19°,12°,多云~阴,西南风2级
2022-10-23,15°,12°,小雨,东北风3级
2022-10-24,17°,11°,小雨,东北风3级
2022-10-25,21°,16°,多云,东南风2级
2022-10-26,21°,17°,多云,西南风2级
2022-10-27,19°,12°,晴,西北风4级
2022-10-28,14°,6°,阴,东北风3级
2022-10-29,15°,6°,晴,东北风2级
2022-10-30,17°,10°,多云~阴,西南风2级
2022-10-31,18°,12°,多云~小雨,西南风2级
2022-11-01,19°,14°,多云~晴,西风2级
2022-11-02,21°,12°,晴,北风2级
2022-11-03,19°,13°,晴,南风2级
2022-11-04,20°,13°,多云,西南风2级
2022-11-05,22°,17°,阴,南风3级
2022-11-06,23°,19°,多云~小雨,南风3级
2022-11-07,24°,12°,晴,西北风3级
2022-11-08,13°,7°,晴~多云,北风3级
2022-11-09,12°,3°,晴,东北风2级
2022-11-10,18°,9°,晴~阴,西南风2级
2022-11-11,19°,15°,大雨~小雨,东南风3级
2022-11-12,20°,15°,晴~小雨,西南风4级
2022-11-13,16°,6°,多云~晴,西北风3级
2022-11-14,8°,2°,晴~多云,西北风3级
2022-11-15,8°,1°,阴~中雨,东北风3级
2022-11-16,10°,4°,阴~多云,西北风4级
2022-11-17,8°,1°,多云~晴,西风4级
2022-11-18,6°,-1°,晴~多云,西南风4级
2022-11-19,4°,-2°,晴,西南风3级
2022-11-20,5°,-1°,晴,西北风4级
2022-11-21,5°,-4°,晴~多云,西南风3级
2022-11-22,9°,3°,晴,西风3级
2022-11-23,11°,6°,晴,西北风2级
2022-11-24,11°,4°,多云~阴,东南风2级
2022-11-25,11°,6°,小雨~晴,西风3级
2022-11-26,12°,4°,晴~阴,西北风3级
2022-11-27,14°,9°,中雨,西南风3级
2022-11-28,12°,5°,多云~晴,西北风4级
2022-11-29,7°,1°,多云~阴,西风2级
2022-11-30,14°,5°,中雨~晴,西南风4级
2022-12-01,6°,1°,多云~晴,西北风4级
2022-12-02,7°,-1°,晴~阴,西南风2级
2022-12-03,13°,6°,中雨~晴,西南风4级
2022-12-04,6°,2°,多云~晴,西北风3级
2022-12-05,7°,2°,多云~阴,西南风2级
2022-12-06,12°,6°,中雨~大雨,东南风3级
2022-12-07,14°,11°,雾~多云,西南风2级
2022-12-08,12°,6°,阴~多云,西北风3级
2022-12-09,7°,1°,晴,北风3级
2022-12-10,5°,-1°,晴~阴,东北风3级
2022-12-11,6°,1°,小雨~中雨,东风3级
2022-12-12,3°,-1°,晴,北风3级
2022-12-13,4°,-6°,晴,西北风2级
2022-12-14,4°,-2°,多云~阴,西北风3级
2022-12-15,5°,1°,中雨~大雨,东北风3级
2022-12-16,7°,3°,中雨~多云,东北风4级
2022-12-17,6°,2°,多云~晴,西风4级
2022-12-18,4°,-1°,多云~晴,西北风3级
2022-12-19,3°,-2°,晴,西北风4级
2022-12-20,3°,-2°,晴~多云,西北风3级
2022-12-21,4°,-3°,多云~阴,西北风1级
2022-12-22,10°,2°,中雨~大雨,东北风3级
2022-12-23,13°,-11°,小雪~多云,西南风5级
2022-12-24,-8°,-16°,多云~晴,西南风5级
2022-12-25,-2°,-11°,晴,西南风4级
2022-12-26,-1°,-9°,多云~阴,西风3级
2022-12-27,1°,-4°,晴,西风3级
2022-12-28,4°,-1°,多云~阴,西南风3级
2022-12-29,8°,2°,多云~晴,西南风3级
2022-12-30,11°,4°,多云~阴,西南风2级
2022-12-31,10°,7°,小雨~中雨,西南风2级
2023-01-01,11°,7°,多云~阴,西北风3级
2023-01-02,12°,7°,阴,西风2级
2023-01-03,13°,9°,中雨~阴,南风2级
2023-01-04,15°,11°,小雨,西南风2级
2023-01-05,11°,7°,阴~小雨,东北风2级
2023-01-06,8°,5°,小雨~多云,西南风1级
2023-01-07,7°,2°,阴~晴,西北风3级
2023-01-08,4°,-1°,多云~阴,西南风1级
2023-01-09,7°,2°,多云~晴,西北风3级
2023-01-10,6°,2°,阴~多云,西北风3级
2023-01-11,4°,0°,多云~阴,东北风2级
2023-01-12,11°,2°,小雨~中雨,东南风3级
2023-01-13,12°,4°,阴~多云,西风3级
2023-01-14,3°,0°,阴~多云,北风4级
2023-01-15,4°,-1°,多云~晴,北风4级
2023-01-16,8°,-1°,晴~多云,西北风3级
2023-01-17,7°,2°,阴,西南风2级
2023-01-18,9°,5°,多云~阴,西北风4级
2023-01-19,6°,4°,中雨,东南风1级
2023-01-20,8°,4°,多云~晴,西风4级
2023-01-21,6°,1°,晴~多云,西北风2级
2023-01-22,6°,1°,小雨~大雨,南风3级
2023-01-23,4°,1°,小雨~多云,西北风3级
2023-01-24,6°,1°,多云~阴,西风4级
2023-01-25,10°,1°,中雪~大雨,东南风3级
2023-01-26,11°,3°,多云~晴,西风4级
2023-01-27,6°,2°,多云,西南风3级
2023-01-28,9°,3°,多云~阴,西南风3级
2023-01-29,10°,5°,阴,西南风3级
2023-01-30,10°,6°,多云~小雨,西南风1级
2023-01-31,8°,0°,小雪~阴,西北风3级
2023-02-01,4°,-1°,晴~多云,西北风2级
2023-02-02,5°,-1°,多云,西南风3级
2023-02-03,2°,-10°,多云,西北风5级
2023-02-04,-2°,-14°,晴~多云,西风3级
2023-02-05,5°,-3°,阴~多云,西南风3级
2023-02-06,7°,2°,多云~晴,北风3级
2023-02-07,4°,0°,阴,东南风2级
2023-02-08,10°,3°,晴~阴,西北风3级
2023-02-09,9°,4°,阴~多云,东南风3级
2023-02-10,12°,7°,晴~多云,西风4级
2023-02-11,7°,2°,晴~阴,西北风3级
2023-02-12,7°,3°,阴,南风1级
2023-02-13,12°,4°,多云~晴,西北风2级
2023-02-14,11°,4°,晴~阴,西北风3级
2023-02-15,15°,7°,多云~阴,西南风4级
2023-02-16,14°,11°,小雨,西北风0级
2023-02-17,15°,0°,小雨~晴,西风3级
2023-02-18,7°,-2°,晴~多云,西北风3级
2023-02-19,8°,3°,阴,南风3级
2023-02-20,14°,6°,阴~小雨,西风3级
2023-02-21,8°,4°,小雨~晴,东风2级
2023-02-22,7°,3°,阴,南风1级
2023-02-23,5°,3°,阴~多云,东北风2级
2023-02-24,7°,-4°,晴~多云,西北风5级
2023-02-25,1°,-3°,阴~多云,南风2级
2023-02-26,9°,-1°,多云~晴,西南风3级
2023-02-27,5°,0°,阴~中雪,东南风2级
2023-02-28,1°,0°,阴~多云,东北风2级
2023-03-01,5°,-1°,阴,东南风2级
2023-03-02,12°,4°,阴~多云,西北风3级
2023-03-03,6°,2°,阴~大雨,东风2级
2023-03-04,9°,3°,阴~多云,西北风3级
2023-03-05,10°,2°,多云~晴,西北风3级
2023-03-06,9°,3°,多云~小雨,西北风4级
2023-03-07,6°,-1°,多云~晴,西北风4级
2023-03-08,8°,-1°,晴,北风4级
2023-03-09,10°,1°,多云,北风3级
2023-03-10,8°,2°,阴~大雨,东南风2级
2023-03-11,7°,2°,小雨~多云,东北风4级
2023-03-12,7°,1°,多云~阴,东北风1级
2023-03-13,6°,5°,阴~中雨,东南风3级
2023-03-14,4°,1°,多云,西北风5级
2023-03-15,5°,0°,多云~晴,西北风5级
2023-03-16,13°,1°,多云,西北风3级
2023-03-17,13°,6°,阴,南风3级
2023-03-18,11°,4°,阴~多云,西北风3级
2023-03-19,6°,-2°,多云~晴,西北风4级
2023-03-20,10°,0°,晴,西南风3级
2023-03-21,15°,4°,晴~阴,西南风3级
2023-03-22,13°,7°,阴~多云,南风3级
2023-03-23,14°,8°,阴,西南风3级
2023-03-24,13°,6°,阴,西北风2级
2023-03-25,9°,6°,阴~多云,东南风4级
2023-03-26,15°,7°,晴,西风4级
2023-03-27,15°,8°,阴~中雨,东南风2级
2023-03-28,10°,6°,阴~多云,北风3级
2023-03-29,11°,4°,多云,西南风1级
2023-03-30,8°,-1°,晴~多云,西北风4级
2023-03-31,12°,4°,阴~小雨,南风3级
2023-04-01,18°,10°,中雨,西南风4级
2023-04-02,11°,4°,晴,西北风4级
2023-04-03,14°,5°,多云,南风4级
2023-04-04,20°,9°,多云~阴,西南风2级
2023-04-05,14°,10°,阴~小雨,东风3级
2023-04-06,24°,9°,小雨,西南风2级
2023-04-07,14°,8°,阴,西北风4级
2023-04-08,11°,4°,阴,东北风2级
2023-04-09,12°,6°,晴,东风2级
2023-04-10,17°,6°,晴,西南风2级
2023-04-11,22°,10°,阴,西南风3级
2023-04-12,26°,17°,多云~晴,西北风4级
2023-04-13,30°,17°,晴~多云,西风3级
2023-04-14,29°,20°,多云~阴,西南风2级
2023-04-15,22°,15°,小雨,东南风3级
2023-04-16,20°,15°,阴~小雨,东南风2级
2023-04-17,20°,13°,小雨~晴,西南风3级
2023-04-18,14°,9°,多云~晴,西风4级
2023-04-19,17°,6°,晴~多云,西北风4级
2023-04-20,17°,9°,多云,东南风1级
2023-04-21,19°,11°,多云~阴,东南风3级
2023-04-22,19°,12°,小雨~中雨,东南风3级
2023-04-23,21°,10°,小雨~晴,西风2级
2023-04-24,16°,8°,多云,西风3级
2023-04-25,15°,9°,多云,西北风2级
2023-04-26,15°,9°,多云~小雨,东南风2级
2023-04-27,14°,10°,小雨~阴,东南风2级
2023-04-28,14°,10°,小雨~中雨,东南风4级
2023-04-29,12°,10°,中雨~小雨,东风5级
2023-04-30,15°,11°,小雨~大雨,东风3级
2023-05-01,14°,10°,多云~小雨,西南风4级
2023-05-02,12°,9°,小雨,西南风4级
2023-05-03,13°,8°,小雨,西南风3级
2023-05-04,12°,8°,小雨~多云,东北风3级
2023-05-05,16°,9°,多云,东北风2级
2023-05-06,22°,10°,晴~多云,西北风2级
2023-05-07,24°,13°,多云~小雨,西南风2级
2023-05-08,24°,14°,多云~阴,西北风3级
2023-05-09,20°,13°,阴~多云,东北风2级
2023-05-10,22°,12°,晴,西风2级
2023-05-11,26°,14°,晴~多云,西北风2级
2023-05-12,28°,18°,多云~小雨,西南风3级
2023-05-13,26°,20°,阴,西北风2级
2023-05-14,22°,15°,多云,北风3级
2023-05-15,24°,12°,晴~多云,西风3级
2023-05-16,26°,15°,多云,西南风4级
2023-05-17,21°,11°,晴,西北风4级
2023-05-18,16°,8°,晴,东南风2级
2023-05-19,18°,12°,阴~多云,南风4级
2023-05-20,17°,14°,大雨~阴,东南风2级
2023-05-21,24°,13°,多云~晴,西北风3级
2023-05-22,24°,15°,晴~多云,东风2级
2023-05-23,21°,14°,多云~晴,东南风3级
2023-05-24,23°,13°,小雨,南风2级
2023-05-25,21°,10°,晴~多云,北风3级
2023-05-26,23°,12°,晴~多云,东北风3级
2023-05-27,25°,14°,多云~阴,东南风2级
2023-05-28,24°,15°,多云~阴,西南风3级
2023-05-29,25°,16°,多云~晴,东风3级
2023-05-30,22°,13°,晴,东风3级
2023-05-31,24°,13°,晴,东南风2级
2023-06-01,28°,16°,晴,东南风2级
2023-06-02,31°,19°,小雨,东风2级
2023-06-03,21°,13°,阴~晴,东北风4级
2023-06-04,19°,11°,多云,东北风3级
2023-06-05,22°,13°,阴~多云,西北风2级
2023-06-06,26°,16°,小雨~晴,西北风3级
2023-06-07,24°,14°,多云,西北风3级
2023-06-08,24°,14°,多云,西南风1级
2023-06-09,22°,14°,多云,西北风2级
2023-06-10,26°,14°,多云,西北风3级
2023-06-11,27°,18°,阴,南风3级
2023-06-12,25°,19°,多云~小雨,东南风4级
2023-06-13,27°,16°,多云~小雨,西风3级
2023-06-14,25°,18°,小雨~晴,西南风3级
2023-06-15,26°,16°,多云~晴,西北风3级
2023-06-16,26°,18°,小雨,西南风2级
2023-06-17,27°,16°,多云~晴,西北风4级
2023-06-18,27°,17°,多云,西北风3级
2023-06-19,27°,18°,多云,东南风2级
2023-06-20,25°,18°,阴,东南风3级
2023-06-21,23°,16°,阴~小雨,东风4级
2023-06-22,18°,15°,中雨~小雨,东北风4级
2023-06-23,26°,18°,阴~小雨,东南风3级
2023-06-24,28°,20°,小雨,西南风3级
2023-06-25,30°,21°,晴~中雨,南风2级
2023-06-26,27°,21°,中雨,东南风2级
2023-06-27,27°,20°,小雨,南风3级
2023-06-28,28°,20°,多云~晴,西风2级
2023-06-29,29°,18°,多云,北风1级
2023-06-30,29°,21°,多云,南风2级
2023-07-01,28°,21°,多云~阴,南风3级
2023-07-02,29°,22°,小雨,南风3级
2023-07-03,32°,23°,多云~小雨,西南风2级
2023-07-04,32°,23°,多云~晴,西南风2级
